"Survived","Pclass","Sex","Age","SibSp","Parch","Fare","Embarked","FamilySize","Deck","HasCabin","CabinRoom","FaresOnTicket","IndividualFare","Title","IsMarried","FsizeD","WaC","Mother","Cabin","full.1.891..c..PassengerId..."
0,3,2,22,1,0,7.25,3,2,8,0,0,1,7.25,3,1,3,3,2,0,"1"
1,1,1,38,1,0,71.2833,1,2,3,1,85,2,35.64165,4,1,3,2,2,85,"2"
1,3,1,26,0,0,7.925,3,1,8,0,0,1,7.925,2,0,2,2,2,0,"3"
1,1,1,35,1,0,53.1,3,2,3,1,123,2,26.55,4,1,3,2,2,123,"4"
0,3,2,35,0,0,8.05,3,1,8,0,0,1,8.05,3,0,2,3,2,0,"5"
0,3,2,18,0,0,8.4583,2,1,8,0,0,1,8.4583,3,0,2,3,2,0,"6"
0,1,2,54,0,0,51.8625,3,1,5,1,46,2,25.93125,3,0,2,3,2,46,"7"
0,3,2,2,3,1,21.075,3,5,8,0,0,5,4.215,1,1,1,1,2,0,"8"
1,3,1,27,0,2,11.1333,3,3,8,0,0,3,3.7111,4,1,3,2,1,0,"9"
1,2,1,14,1,0,30.0708,1,2,8,0,0,2,15.0354,4,1,3,1,2,0,"10"
1,3,1,4,1,1,16.7,3,3,7,1,6,3,5.56666666666667,2,1,3,1,2,6,"11"
1,1,1,58,0,0,26.55,3,1,3,1,1,1,26.55,2,0,2,2,2,1,"12"
0,3,2,20,0,0,8.05,3,1,8,0,0,1,8.05,3,0,2,3,2,0,"13"
0,3,2,39,1,5,31.275,3,7,8,0,0,7,4.46785714285714,3,1,1,3,2,0,"14"
0,3,1,14,0,0,7.8542,3,1,8,0,0,1,7.8542,2,0,2,1,2,0,"15"
1,2,1,55,0,0,16,3,1,8,0,0,1,16,4,0,2,2,2,0,"16"
0,3,2,2,4,1,29.125,2,6,8,0,0,6,4.85416666666667,1,1,1,1,2,0,"17"
1,2,2,18.5,0,0,13,3,1,8,0,0,1,13,3,0,2,3,2,0,"18"
0,3,1,31,1,0,18,3,2,8,0,0,2,9,4,1,3,2,2,0,"19"
1,3,1,40,0,0,7.225,1,1,8,0,0,1,7.225,4,0,2,2,2,0,"20"
0,2,2,35,0,0,26,3,1,8,0,0,2,13,3,0,2,3,2,0,"21"
1,2,2,34,0,0,13,3,1,4,1,56,1,13,3,0,2,3,2,56,"22"
1,3,1,15,0,0,8.0292,2,1,8,0,0,1,8.0292,2,0,2,1,2,0,"23"
1,1,2,28,0,0,35.5,3,1,1,1,6,1,35.5,3,0,2,3,2,6,"24"
0,3,1,8,3,1,21.075,3,5,8,0,0,5,4.215,2,1,1,1,2,0,"25"
1,3,1,38,1,5,31.3875,3,7,8,0,0,7,4.48392857142857,4,1,1,2,1,0,"26"
0,3,2,28.5,0,0,7.225,1,1,8,0,0,1,7.225,3,0,2,3,2,0,"27"
0,1,2,19,3,2,263,3,6,3,1,23,6,43.8333333333333,3,1,1,3,2,23,"28"
1,3,1,23,0,0,7.8792,2,1,8,0,0,1,7.8792,2,0,2,2,2,0,"29"
0,3,2,22,0,0,7.8958,3,1,8,0,0,1,7.8958,3,0,2,3,2,0,"30"
0,1,2,40,0,0,27.7208,1,1,8,0,0,1,27.7208,5,0,2,3,2,0,"31"
1,1,1,38,1,0,146.5208,1,2,2,1,78,3,48.8402666666667,4,1,3,2,2,78,"32"
1,3,1,35,0,0,7.75,2,1,8,0,0,1,7.75,2,0,2,2,2,0,"33"
0,2,2,66,0,0,10.5,3,1,8,0,0,1,10.5,3,0,2,3,2,0,"34"
0,1,2,28,1,0,82.1708,1,2,8,0,0,2,41.0854,3,1,3,3,2,0,"35"
0,1,2,42,1,0,52,3,2,8,0,0,2,26,3,1,3,3,2,0,"36"
1,3,2,20,0,0,7.2292,1,1,8,0,0,1,7.2292,3,0,2,3,2,0,"37"
0,3,2,21,0,0,8.05,3,1,8,0,0,1,8.05,3,0,2,3,2,0,"38"
0,3,1,18,2,0,18,3,3,8,0,0,2,9,2,1,3,2,2,0,"39"
1,3,1,14,1,0,11.2417,1,2,8,0,0,2,5.62085,2,1,3,1,2,0,"40"
0,3,1,40,1,0,9.475,3,2,8,0,0,1,9.475,4,1,3,2,2,0,"41"
0,2,1,27,1,0,21,3,2,8,0,0,2,10.5,4,1,3,2,2,0,"42"
0,3,2,26,0,0,7.8958,1,1,8,0,0,1,7.8958,3,0,2,3,2,0,"43"
1,2,1,3,1,2,41.5792,1,4,8,0,0,4,10.3948,2,1,3,1,2,0,"44"
1,3,1,19,0,0,7.8792,2,1,8,0,0,1,7.8792,2,0,2,2,2,0,"45"
0,3,2,42,0,0,8.05,3,1,8,0,0,1,8.05,3,0,2,3,2,0,"46"
0,3,2,21,1,0,15.5,2,2,8,0,0,2,7.75,3,1,3,3,2,0,"47"
1,3,1,21,0,0,7.75,2,1,8,0,0,1,7.75,2,0,2,2,2,0,"48"
0,3,2,24,2,0,21.6792,1,3,8,0,0,3,7.2264,3,1,3,3,2,0,"49"
0,3,1,18,1,0,17.8,3,2,8,0,0,2,8.9,4,1,3,2,2,0,"50"
0,3,2,7,4,1,39.6875,3,6,8,0,0,7,5.66964285714286,1,1,1,1,2,0,"51"
0,3,2,21,0,0,7.8,3,1,8,0,0,1,7.8,3,0,2,3,2,0,"52"
1,1,1,49,1,0,76.7292,1,2,4,1,33,3,25.5764,4,1,3,2,2,33,"53"
1,2,1,29,1,0,26,3,2,8,0,0,2,13,4,1,3,2,2,0,"54"
0,1,2,65,0,1,61.9792,1,2,2,1,3,2,30.9896,3,1,3,3,2,3,"55"
1,1,2,25,0,0,35.5,3,1,3,1,52,1,35.5,3,0,2,3,2,52,"56"
1,2,1,21,0,0,10.5,3,1,8,0,0,1,10.5,2,0,2,2,2,0,"57"
0,3,2,28.5,0,0,7.2292,1,1,8,0,0,1,7.2292,3,0,2,3,2,0,"58"
1,2,1,5,1,2,27.75,3,4,8,0,0,4,6.9375,2,1,3,1,2,0,"59"
0,3,2,11,5,2,46.9,3,8,8,0,0,8,5.8625,1,1,1,1,2,0,"60"
0,3,2,22,0,0,7.2292,1,1,8,0,0,1,7.2292,3,0,2,3,2,0,"61"
1,1,1,38,0,0,80,1,1,2,1,28,2,40,2,0,2,2,2,28,"62"
0,1,2,45,1,0,83.475,3,2,3,1,83,2,41.7375,3,1,3,3,2,83,"63"
0,3,2,4,3,2,27.9,3,6,8,0,0,6,4.65,1,1,1,1,2,0,"64"
0,1,2,25,0,0,27.7208,1,1,8,0,0,1,27.7208,3,0,2,3,2,0,"65"
1,3,2,0.33,1,1,15.2458,1,3,8,0,0,3,5.08193333333333,1,1,3,1,2,0,"66"
1,2,1,29,0,0,10.5,3,1,6,1,33,1,10.5,4,0,2,2,2,33,"67"
0,3,2,19,0,0,8.1583,3,1,8,0,0,1,8.1583,3,0,2,3,2,0,"68"
1,3,1,17,4,2,7.925,3,7,8,0,0,1,7.925,2,1,1,2,2,0,"69"
0,3,2,26,2,0,8.6625,3,3,8,0,0,1,8.6625,3,1,3,3,2,0,"70"
0,2,2,32,0,0,10.5,3,1,8,0,0,1,10.5,3,0,2,3,2,0,"71"
0,3,1,16,5,2,46.9,3,8,8,0,0,8,5.8625,2,1,1,1,2,0,"72"
0,2,2,21,0,0,73.5,3,1,8,0,0,7,10.5,3,0,2,3,2,0,"73"
0,3,2,26,1,0,14.4542,1,2,8,0,0,2,7.2271,3,1,3,3,2,0,"74"
1,3,2,32,0,0,56.4958,3,1,8,0,0,8,7.061975,3,0,2,3,2,0,"75"
0,3,2,25,0,0,7.65,3,1,6,1,73,1,7.65,3,0,2,3,2,73,"76"
0,3,2,35,0,0,7.8958,3,1,8,0,0,1,7.8958,3,0,2,3,2,0,"77"
0,3,2,22,0,0,8.05,3,1,8,0,0,1,8.05,3,0,2,3,2,0,"78"
1,2,2,0.83,0,2,29,3,3,8,0,0,3,9.66666666666667,1,1,3,1,2,0,"79"
1,3,1,30,0,0,12.475,3,1,8,0,0,2,6.2375,2,0,2,2,2,0,"80"
0,3,2,22,0,0,9,3,1,8,0,0,1,9,3,0,2,3,2,0,"81"
1,3,2,29,0,0,9.5,3,1,8,0,0,1,9.5,3,0,2,3,2,0,"82"
1,3,1,12,0,0,7.7875,2,1,8,0,0,1,7.7875,2,0,2,1,2,0,"83"
0,1,2,28,0,0,47.1,3,1,8,0,0,2,23.55,3,0,2,3,2,0,"84"
1,2,1,17,0,0,10.5,3,1,8,0,0,1,10.5,2,0,2,2,2,0,"85"
1,3,1,33,3,0,15.85,3,4,8,0,0,2,7.925,4,1,3,2,2,0,"86"
0,3,2,16,1,3,34.375,3,5,8,0,0,5,6.875,3,1,1,1,2,0,"87"
0,3,2,22,0,0,8.05,3,1,8,0,0,1,8.05,3,0,2,3,2,0,"88"
1,1,1,23,3,2,263,3,6,3,1,23,6,43.8333333333333,2,1,1,2,2,23,"89"
0,3,2,24,0,0,8.05,3,1,8,0,0,1,8.05,3,0,2,3,2,0,"90"
0,3,2,29,0,0,8.05,3,1,8,0,0,1,8.05,3,0,2,3,2,0,"91"
0,3,2,20,0,0,7.8542,3,1,8,0,0,1,7.8542,3,0,2,3,2,0,"92"
0,1,2,46,1,0,61.175,3,2,5,1,31,2,30.5875,3,1,3,3,2,31,"93"
0,3,2,26,1,2,20.575,3,4,8,0,0,4,5.14375,3,1,3,3,2,0,"94"
0,3,2,59,0,0,7.25,3,1,8,0,0,1,7.25,3,0,2,3,2,0,"95"
0,3,2,32,0,0,8.05,3,1,8,0,0,1,8.05,3,0,2,3,2,0,"96"
0,1,2,71,0,0,34.6542,1,1,1,1,5,1,34.6542,3,0,2,3,2,5,"97"
1,1,2,23,0,1,63.3583,1,2,4,1,1,2,31.67915,3,1,3,3,2,1,"98"
1,2,1,34,0,1,23,3,2,8,0,0,2,11.5,4,1,3,2,1,0,"99"
0,2,2,34,1,0,26,3,2,8,0,0,2,13,3,1,3,3,2,0,"100"
0,3,1,28,0,0,7.8958,3,1,8,0,0,1,7.8958,2,0,2,2,2,0,"101"
0,3,2,30,0,0,7.8958,3,1,8,0,0,1,7.8958,3,0,2,3,2,0,"102"
0,1,2,21,0,1,77.2875,3,2,4,1,26,2,38.64375,3,1,3,3,2,26,"103"
0,3,2,33,0,0,8.6542,3,1,8,0,0,1,8.6542,3,0,2,3,2,0,"104"
0,3,2,37,2,0,7.925,3,3,8,0,0,1,7.925,3,1,3,3,2,0,"105"
0,3,2,28,0,0,7.8958,3,1,8,0,0,1,7.8958,3,0,2,3,2,0,"106"
1,3,1,21,0,0,7.65,3,1,8,0,0,1,7.65,2,0,2,2,2,0,"107"
1,3,2,32,0,0,7.775,3,1,8,0,0,1,7.775,3,0,2,3,2,0,"108"
0,3,2,38,0,0,7.8958,3,1,8,0,0,1,7.8958,3,0,2,3,2,0,"109"
1,3,1,6,1,0,24.15,2,2,8,0,0,3,8.05,2,1,3,1,2,0,"110"
0,1,2,47,0,0,52,3,1,3,1,11,2,26,3,0,2,3,2,11,"111"
0,3,1,14.5,1,0,14.4542,1,2,8,0,0,2,7.2271,2,1,3,1,2,0,"112"
0,3,2,22,0,0,8.05,3,1,8,0,0,1,8.05,3,0,2,3,2,0,"113"
0,3,1,20,1,0,9.825,3,2,8,0,0,1,9.825,2,1,3,2,2,0,"114"
0,3,1,17,0,0,14.4583,1,1,8,0,0,2,7.22915,2,0,2,2,2,0,"115"
0,3,2,21,0,0,7.925,3,1,8,0,0,1,7.925,3,0,2,3,2,0,"116"
0,3,2,70.5,0,0,7.75,2,1,8,0,0,1,7.75,3,0,2,3,2,0,"117"
0,2,2,29,1,0,21,3,2,8,0,0,2,10.5,3,1,3,3,2,0,"118"
0,1,2,24,0,1,247.5208,1,2,2,1,58,3,82.5069333333333,3,1,3,3,2,58,"119"
0,3,1,2,4,2,31.275,3,7,8,0,0,7,4.46785714285714,2,1,1,1,2,0,"120"
0,2,2,21,2,0,73.5,3,3,8,0,0,7,10.5,3,1,3,3,2,0,"121"
0,3,2,16,0,0,8.05,3,1,8,0,0,1,8.05,3,0,2,1,2,0,"122"
0,2,2,32.5,1,0,30.0708,1,2,8,0,0,2,15.0354,3,1,3,3,2,0,"123"
1,2,1,32.5,0,0,13,3,1,5,1,1,1,13,2,0,2,2,2,1,"124"
0,1,2,54,0,1,77.2875,3,2,4,1,26,2,38.64375,3,1,3,3,2,26,"125"
1,3,2,12,1,0,11.2417,1,2,8,0,0,2,5.62085,1,1,3,1,2,0,"126"
0,3,2,18,0,0,7.75,2,1,8,0,0,1,7.75,3,0,2,3,2,0,"127"
1,3,2,24,0,0,7.1417,3,1,8,0,0,1,7.1417,3,0,2,3,2,0,"128"
1,3,1,2,1,1,22.3583,1,3,6,1,69,3,7.45276666666667,2,1,3,1,2,69,"129"
0,3,2,45,0,0,6.975,3,1,8,0,0,1,6.975,3,0,2,3,2,0,"130"
0,3,2,33,0,0,7.8958,1,1,8,0,0,1,7.8958,3,0,2,3,2,0,"131"
0,3,2,20,0,0,7.05,3,1,8,0,0,1,7.05,3,0,2,3,2,0,"132"
0,3,1,47,1,0,14.5,3,2,8,0,0,2,7.25,4,1,3,2,2,0,"133"
1,2,1,29,1,0,26,3,2,8,0,0,2,13,4,1,3,2,2,0,"134"
0,2,2,25,0,0,13,3,1,8,0,0,1,13,3,0,2,3,2,0,"135"
0,2,2,23,0,0,15.0458,1,1,8,0,0,1,15.0458,3,0,2,3,2,0,"136"
1,1,1,19,0,2,26.2833,3,3,4,1,47,1,26.2833,2,1,3,2,2,47,"137"
0,1,2,37,1,0,53.1,3,2,3,1,123,2,26.55,3,1,3,3,2,123,"138"
0,3,2,16,0,0,9.2167,3,1,8,0,0,2,4.60835,3,0,2,1,2,0,"139"
0,1,2,24,0,0,79.2,1,1,2,1,86,2,39.6,3,0,2,3,2,86,"140"
0,3,1,37,0,2,15.2458,1,3,8,0,0,3,5.08193333333333,4,1,3,2,1,0,"141"
1,3,1,22,0,0,7.75,3,1,8,0,0,1,7.75,2,0,2,2,2,0,"142"
1,3,1,24,1,0,15.85,3,2,8,0,0,2,7.925,4,1,3,2,2,0,"143"
0,3,2,19,0,0,6.75,2,1,8,0,0,1,6.75,3,0,2,3,2,0,"144"
0,2,2,18,0,0,11.5,3,1,8,0,0,1,11.5,3,0,2,3,2,0,"145"
0,2,2,19,1,1,36.75,3,3,8,0,0,4,9.1875,3,1,3,3,2,0,"146"
1,3,2,27,0,0,7.7958,3,1,8,0,0,1,7.7958,3,0,2,3,2,0,"147"
0,3,1,9,2,2,34.375,3,5,8,0,0,5,6.875,2,1,1,1,2,0,"148"
0,2,2,36.5,0,2,26,3,3,6,1,2,3,8.66666666666667,3,1,3,3,2,2,"149"
0,2,2,42,0,0,13,3,1,8,0,0,1,13,5,0,2,3,2,0,"150"
0,2,2,51,0,0,12.525,3,1,8,0,0,1,12.525,5,0,2,3,2,0,"151"
1,1,1,22,1,0,66.6,3,2,3,1,2,2,33.3,4,1,3,2,2,2,"152"
0,3,2,55.5,0,0,8.05,3,1,8,0,0,1,8.05,3,0,2,3,2,0,"153"
0,3,2,40.5,0,2,14.5,3,3,8,0,0,3,4.83333333333333,3,1,3,3,2,0,"154"
0,3,2,27,0,0,7.3125,3,1,8,0,0,1,7.3125,3,0,2,3,2,0,"155"
0,1,2,51,0,1,61.3792,1,2,8,0,0,2,30.6896,3,1,3,3,2,0,"156"
1,3,1,16,0,0,7.7333,2,1,8,0,0,1,7.7333,2,0,2,1,2,0,"157"
0,3,2,30,0,0,8.05,3,1,8,0,0,1,8.05,3,0,2,3,2,0,"158"
0,3,2,20,0,0,8.6625,3,1,8,0,0,1,8.6625,3,0,2,3,2,0,"159"
0,3,2,14.5,8,2,69.55,3,11,8,0,0,9,6.32272727272727,1,1,1,1,2,0,"160"
0,3,2,44,0,1,16.1,3,2,8,0,0,2,8.05,3,1,3,3,2,0,"161"
1,2,1,40,0,0,15.75,3,1,8,0,0,2,7.875,4,0,2,2,2,0,"162"
0,3,2,26,0,0,7.775,3,1,8,0,0,1,7.775,3,0,2,3,2,0,"163"
0,3,2,17,0,0,8.6625,3,1,8,0,0,1,8.6625,3,0,2,3,2,0,"164"
0,3,2,1,4,1,39.6875,3,6,8,0,0,7,5.66964285714286,1,1,1,1,2,0,"165"
1,3,2,9,0,2,20.525,3,3,8,0,0,3,6.84166666666667,1,1,3,1,2,0,"166"
1,1,1,47,0,1,55,3,2,5,1,33,2,27.5,4,1,3,2,1,33,"167"
0,3,1,45,1,4,27.9,3,6,8,0,0,6,4.65,4,1,1,2,1,0,"168"
0,1,2,33,0,0,25.925,3,1,8,0,0,1,25.925,3,0,2,3,2,0,"169"
0,3,2,28,0,0,56.4958,3,1,8,0,0,8,7.061975,3,0,2,3,2,0,"170"
0,1,2,61,0,0,33.5,3,1,2,1,19,1,33.5,3,0,2,3,2,19,"171"
0,3,2,4,4,1,29.125,2,6,8,0,0,6,4.85416666666667,1,1,1,1,2,0,"172"
1,3,1,1,1,1,11.1333,3,3,8,0,0,3,3.7111,2,1,3,1,2,0,"173"
0,3,2,21,0,0,7.925,3,1,8,0,0,1,7.925,3,0,2,3,2,0,"174"
0,1,2,56,0,0,30.6958,1,1,1,1,7,1,30.6958,3,0,2,3,2,7,"175"
0,3,2,18,1,1,7.8542,3,3,8,0,0,1,7.8542,3,1,3,3,2,0,"176"
0,3,2,2,3,1,25.4667,3,5,8,0,0,5,5.09334,1,1,1,1,2,0,"177"
0,1,1,50,0,0,28.7125,1,1,3,1,49,1,28.7125,2,0,2,2,2,49,"178"
0,2,2,30,0,0,13,3,1,8,0,0,1,13,3,0,2,3,2,0,"179"
0,3,2,36,0,0,0,3,1,8,0,0,4,0,3,0,2,3,2,0,"180"
0,3,1,9,8,2,69.55,3,11,8,0,0,9,6.32272727272727,2,1,1,1,2,0,"181"
0,2,2,31,0,0,15.05,1,1,8,0,0,1,15.05,3,0,2,3,2,0,"182"
0,3,2,9,4,2,31.3875,3,7,8,0,0,7,4.48392857142857,1,1,1,1,2,0,"183"
1,2,2,1,2,1,39,3,4,6,1,4,4,9.75,1,1,3,1,2,4,"184"
1,3,1,4,0,2,22.025,3,3,8,0,0,3,7.34166666666667,2,1,3,1,2,0,"185"
0,1,2,57,0,0,50,3,1,1,1,32,1,50,3,0,2,3,2,32,"186"
1,3,1,32,1,0,15.5,2,2,8,0,0,2,7.75,4,1,3,2,2,0,"187"
1,1,2,45,0,0,26.55,3,1,8,0,0,1,26.55,3,0,2,3,2,0,"188"
0,3,2,40,1,1,15.5,2,3,8,0,0,2,7.75,3,1,3,3,2,0,"189"
0,3,2,36,0,0,7.8958,3,1,8,0,0,1,7.8958,3,0,2,3,2,0,"190"
1,2,1,32,0,0,13,3,1,8,0,0,1,13,4,0,2,2,2,0,"191"
0,2,2,19,0,0,13,3,1,8,0,0,1,13,3,0,2,3,2,0,"192"
1,3,1,19,1,0,7.8542,3,2,8,0,0,1,7.8542,2,1,3,2,2,0,"193"
1,2,2,3,1,1,26,3,3,6,1,2,3,8.66666666666667,1,1,3,1,2,2,"194"
1,1,1,44,0,0,27.7208,1,1,2,1,4,1,27.7208,4,0,2,2,2,4,"195"
1,1,1,58,0,0,146.5208,1,1,2,1,8,3,48.8402666666667,2,0,2,2,2,8,"196"
0,3,2,70.5,0,0,7.75,2,1,8,0,0,1,7.75,3,0,2,3,2,0,"197"
0,3,2,42,0,1,8.4042,3,2,8,0,0,1,8.4042,3,1,3,3,2,0,"198"
1,3,1,21,0,0,7.75,2,1,8,0,0,1,7.75,2,0,2,2,2,0,"199"
0,2,1,24,0,0,13,3,1,8,0,0,1,13,2,0,2,2,2,0,"200"
0,3,2,28,0,0,9.5,3,1,8,0,0,1,9.5,3,0,2,3,2,0,"201"
0,3,2,16,8,2,69.55,3,11,8,0,0,9,6.32272727272727,3,1,1,1,2,0,"202"
0,3,2,34,0,0,6.4958,3,1,8,0,0,1,6.4958,3,0,2,3,2,0,"203"
0,3,2,45.5,0,0,7.225,1,1,8,0,0,1,7.225,3,0,2,3,2,0,"204"
1,3,2,18,0,0,8.05,3,1,8,0,0,1,8.05,3,0,2,3,2,0,"205"
0,3,1,2,0,1,10.4625,3,2,7,1,6,2,5.23125,2,1,3,1,2,6,"206"
0,3,2,32,1,0,15.85,3,2,8,0,0,2,7.925,3,1,3,3,2,0,"207"
1,3,2,26,0,0,18.7875,1,1,8,0,0,2,9.39375,3,0,2,3,2,0,"208"
1,3,1,16,0,0,7.75,2,1,8,0,0,1,7.75,2,0,2,1,2,0,"209"
1,1,2,40,0,0,31,1,1,1,1,31,1,31,3,0,2,3,2,31,"210"
0,3,2,24,0,0,7.05,3,1,8,0,0,1,7.05,3,0,2,3,2,0,"211"
1,2,1,35,0,0,21,3,1,8,0,0,2,10.5,2,0,2,2,2,0,"212"
0,3,2,22,0,0,7.25,3,1,8,0,0,1,7.25,3,0,2,3,2,0,"213"
0,2,2,30,0,0,13,3,1,8,0,0,1,13,3,0,2,3,2,0,"214"
0,3,2,20,1,0,7.75,2,2,8,0,0,1,7.75,3,1,3,3,2,0,"215"
1,1,1,31,1,0,113.275,1,2,4,1,36,3,37.7583333333333,2,1,3,2,2,36,"216"
1,3,1,27,0,0,7.925,3,1,8,0,0,1,7.925,2,0,2,2,2,0,"217"
0,2,2,42,1,0,27,3,2,8,0,0,2,13.5,3,1,3,3,2,0,"218"
1,1,1,32,0,0,76.2917,1,1,4,1,15,2,38.14585,2,0,2,2,2,15,"219"
0,2,2,30,0,0,10.5,3,1,8,0,0,1,10.5,3,0,2,3,2,0,"220"
1,3,2,16,0,0,8.05,3,1,8,0,0,1,8.05,3,0,2,1,2,0,"221"
0,2,2,27,0,0,13,3,1,8,0,0,1,13,3,0,2,3,2,0,"222"
0,3,2,51,0,0,8.05,3,1,8,0,0,1,8.05,3,0,2,3,2,0,"223"
0,3,2,20,0,0,7.8958,3,1,8,0,0,1,7.8958,3,0,2,3,2,0,"224"
1,1,2,38,1,0,90,3,2,3,1,93,2,45,3,1,3,3,2,93,"225"
0,3,2,22,0,0,9.35,3,1,8,0,0,1,9.35,3,0,2,3,2,0,"226"
1,2,2,19,0,0,10.5,3,1,8,0,0,1,10.5,3,0,2,3,2,0,"227"
0,3,2,20.5,0,0,7.25,3,1,8,0,0,1,7.25,3,0,2,3,2,0,"228"
0,2,2,18,0,0,13,3,1,8,0,0,1,13,3,0,2,3,2,0,"229"
0,3,1,9,3,1,25.4667,3,5,8,0,0,5,5.09334,2,1,1,1,2,0,"230"
1,1,1,35,1,0,83.475,3,2,3,1,83,2,41.7375,4,1,3,2,2,83,"231"
0,3,2,29,0,0,7.775,3,1,8,0,0,1,7.775,3,0,2,3,2,0,"232"
0,2,2,59,0,0,13.5,3,1,8,0,0,1,13.5,3,0,2,3,2,0,"233"
1,3,1,5,4,2,31.3875,3,7,8,0,0,7,4.48392857142857,2,1,1,1,2,0,"234"
0,2,2,24,0,0,10.5,3,1,8,0,0,1,10.5,3,0,2,3,2,0,"235"
0,3,1,31,0,0,7.55,3,1,8,0,0,1,7.55,2,0,2,2,2,0,"236"
0,2,2,44,1,0,26,3,2,8,0,0,2,13,3,1,3,3,2,0,"237"
1,2,1,8,0,2,26.25,3,3,8,0,0,3,8.75,2,1,3,1,2,0,"238"
0,2,2,19,0,0,10.5,3,1,8,0,0,1,10.5,3,0,2,3,2,0,"239"
0,2,2,33,0,0,12.275,3,1,8,0,0,1,12.275,3,0,2,3,2,0,"240"
0,3,1,22,1,0,14.4542,1,2,8,0,0,2,7.2271,2,1,3,2,2,0,"241"
1,3,1,16,1,0,15.5,2,2,8,0,0,2,7.75,2,1,3,1,2,0,"242"
0,2,2,29,0,0,10.5,3,1,8,0,0,1,10.5,3,0,2,3,2,0,"243"
0,3,2,22,0,0,7.125,3,1,8,0,0,1,7.125,3,0,2,3,2,0,"244"
0,3,2,30,0,0,7.225,1,1,8,0,0,1,7.225,3,0,2,3,2,0,"245"
0,1,2,44,2,0,90,2,3,3,1,78,3,30,5,1,3,3,2,78,"246"
0,3,1,25,0,0,7.775,3,1,8,0,0,1,7.775,2,0,2,2,2,0,"247"
1,2,1,24,0,2,14.5,3,3,8,0,0,2,7.25,4,1,3,2,1,0,"248"
1,1,2,37,1,1,52.5542,3,3,4,1,35,2,26.2771,3,1,3,3,2,35,"249"
0,2,2,54,1,0,26,3,2,8,0,0,2,13,5,1,3,3,2,0,"250"
0,3,2,28,0,0,7.25,3,1,8,0,0,1,7.25,3,0,2,3,2,0,"251"
0,3,1,29,1,1,10.4625,3,3,7,1,6,2,5.23125,4,1,3,2,1,6,"252"
0,1,2,62,0,0,26.55,3,1,3,1,87,1,26.55,3,0,2,3,2,87,"253"
0,3,2,30,1,0,16.1,3,2,8,0,0,2,8.05,3,1,3,3,2,0,"254"
0,3,1,41,0,2,20.2125,3,3,8,0,0,3,6.7375,4,1,3,2,1,0,"255"
1,3,1,29,0,2,15.2458,1,3,8,0,0,3,5.08193333333333,4,1,3,2,1,0,"256"
1,1,1,30,0,0,79.2,1,1,8,0,0,2,39.6,4,0,2,2,2,0,"257"
1,1,1,30,0,0,86.5,3,1,2,1,77,3,28.8333333333333,2,0,2,2,2,77,"258"
1,1,1,35,0,0,512.3292,1,1,8,0,0,4,128.0823,2,0,2,2,2,0,"259"
1,2,1,50,0,1,26,3,2,8,0,0,2,13,4,1,3,2,1,0,"260"
0,3,2,21,0,0,7.75,2,1,8,0,0,1,7.75,3,0,2,3,2,0,"261"
1,3,2,3,4,2,31.3875,3,7,8,0,0,7,4.48392857142857,1,1,1,1,2,0,"262"
0,1,2,52,1,1,79.65,3,3,5,1,67,3,26.55,3,1,3,3,2,67,"263"
0,1,2,40,0,0,0,3,1,2,1,94,1,0,3,0,2,3,2,94,"264"
0,3,1,23,0,0,7.75,2,1,8,0,0,1,7.75,2,0,2,2,2,0,"265"
0,2,2,36,0,0,10.5,3,1,8,0,0,1,10.5,3,0,2,3,2,0,"266"
0,3,2,16,4,1,39.6875,3,6,8,0,0,7,5.66964285714286,3,1,1,1,2,0,"267"
1,3,2,25,1,0,7.775,3,2,8,0,0,1,7.775,3,1,3,3,2,0,"268"
1,1,1,58,0,1,153.4625,3,2,3,1,125,3,51.1541666666667,4,1,3,2,1,125,"269"
1,1,1,35,0,0,135.6333,3,1,3,1,99,4,33.908325,2,0,2,2,2,99,"270"
0,1,2,47,0,0,31,3,1,8,0,0,2,15.5,3,0,2,3,2,0,"271"
1,3,2,25,0,0,0,3,1,8,0,0,4,0,3,0,2,3,2,0,"272"
1,2,1,41,0,1,19.5,3,2,8,0,0,2,9.75,4,1,3,2,1,0,"273"
0,1,2,37,0,1,29.7,1,2,3,1,118,1,29.7,3,1,3,3,2,118,"274"
1,3,1,21,0,0,7.75,2,1,8,0,0,1,7.75,2,0,2,2,2,0,"275"
1,1,1,63,1,0,77.9583,3,2,4,1,7,3,25.9861,2,1,3,2,2,7,"276"
0,3,1,45,0,0,7.75,3,1,8,0,0,1,7.75,2,0,2,2,2,0,"277"
0,2,2,20,0,0,0,3,1,8,0,0,3,0,3,0,2,3,2,0,"278"
0,3,2,7,4,1,29.125,2,6,8,0,0,6,4.85416666666667,1,1,1,1,2,0,"279"
1,3,1,35,1,1,20.25,3,3,8,0,0,3,6.75,4,1,3,2,1,0,"280"
0,3,2,65,0,0,7.75,2,1,8,0,0,1,7.75,3,0,2,3,2,0,"281"
0,3,2,28,0,0,7.8542,3,1,8,0,0,1,7.8542,3,0,2,3,2,0,"282"
0,3,2,16,0,0,9.5,3,1,8,0,0,1,9.5,3,0,2,1,2,0,"283"
1,3,2,19,0,0,8.05,3,1,8,0,0,1,8.05,3,0,2,3,2,0,"284"
0,1,2,30,0,0,26,3,1,1,1,19,1,26,3,0,2,3,2,19,"285"
0,3,2,33,0,0,8.6625,1,1,8,0,0,1,8.6625,3,0,2,3,2,0,"286"
1,3,2,30,0,0,9.5,3,1,8,0,0,1,9.5,3,0,2,3,2,0,"287"
0,3,2,22,0,0,7.8958,3,1,8,0,0,1,7.8958,3,0,2,3,2,0,"288"
1,2,2,42,0,0,13,3,1,8,0,0,1,13,3,0,2,3,2,0,"289"
1,3,1,22,0,0,7.75,2,1,8,0,0,1,7.75,2,0,2,2,2,0,"290"
1,1,1,26,0,0,78.85,3,1,8,0,0,3,26.2833333333333,2,0,2,2,2,0,"291"
1,1,1,19,1,0,91.0792,1,2,2,1,49,2,45.5396,4,1,3,2,2,49,"292"
0,2,2,36,0,0,12.875,1,1,4,1,0,1,12.875,3,0,2,3,2,0,"293"
0,3,1,24,0,0,8.85,3,1,8,0,0,1,8.85,2,0,2,2,2,0,"294"
0,3,2,24,0,0,7.8958,3,1,8,0,0,1,7.8958,3,0,2,3,2,0,"295"
0,1,2,28.5,0,0,27.7208,1,1,8,0,0,1,27.7208,3,0,2,3,2,0,"296"
0,3,2,23.5,0,0,7.2292,1,1,8,0,0,1,7.2292,3,0,2,3,2,0,"297"
0,1,1,2,1,2,151.55,3,4,3,1,22,6,25.2583333333333,2,1,3,1,2,22,"298"
1,1,2,42,0,0,30.5,3,1,3,1,1,1,30.5,3,0,2,3,2,1,"299"
1,1,1,50,0,1,247.5208,1,2,2,1,58,3,82.5069333333333,4,1,3,2,1,58,"300"
1,3,1,27,0,0,7.75,2,1,8,0,0,1,7.75,2,0,2,2,2,0,"301"
1,3,2,33,2,0,23.25,2,3,8,0,0,3,7.75,3,1,3,3,2,0,"302"
0,3,2,19,0,0,0,3,1,8,0,0,4,0,3,0,2,3,2,0,"303"
1,2,1,24,0,0,12.35,2,1,5,1,1,1,12.35,2,0,2,2,2,1,"304"
0,3,2,24,0,0,8.05,3,1,8,0,0,1,8.05,3,0,2,3,2,0,"305"
1,1,2,0.92,1,2,151.55,3,4,3,1,22,6,25.2583333333333,1,1,3,1,2,22,"306"
1,1,1,55,0,0,110.8833,1,1,8,0,0,4,27.720825,2,0,2,2,2,0,"307"
1,1,1,17,1,0,108.9,1,2,3,1,65,3,36.3,4,1,3,2,2,65,"308"
0,2,2,30,1,0,24,1,2,8,0,0,2,12,3,1,3,3,2,0,"309"
1,1,1,30,0,0,56.9292,1,1,5,1,36,2,28.4646,2,0,2,2,2,36,"310"
1,1,1,24,0,0,83.1583,1,1,3,1,54,3,27.7194333333333,2,0,2,2,2,54,"311"
1,1,1,18,2,2,262.375,1,5,2,1,57,7,37.4821428571429,2,1,1,2,2,57,"312"
0,2,1,26,1,1,26,3,3,8,0,0,2,13,4,1,3,2,1,0,"313"
0,3,2,28,0,0,7.8958,3,1,8,0,0,1,7.8958,3,0,2,3,2,0,"314"
0,2,2,43,1,1,26.25,3,3,8,0,0,3,8.75,3,1,3,3,2,0,"315"
1,3,1,26,0,0,7.8542,3,1,8,0,0,1,7.8542,2,0,2,2,2,0,"316"
1,2,1,24,1,0,26,3,2,8,0,0,2,13,4,1,3,2,2,0,"317"
0,2,2,54,0,0,14,3,1,8,0,0,1,14,5,0,2,3,2,0,"318"
1,1,1,31,0,2,164.8667,3,3,3,1,7,4,41.216675,2,1,3,2,2,7,"319"
1,1,1,40,1,1,134.5,1,3,5,1,34,5,26.9,4,1,3,2,1,34,"320"
0,3,2,22,0,0,7.25,3,1,8,0,0,1,7.25,3,0,2,3,2,0,"321"
0,3,2,27,0,0,7.8958,3,1,8,0,0,1,7.8958,3,0,2,3,2,0,"322"
1,2,1,30,0,0,12.35,2,1,8,0,0,1,12.35,2,0,2,2,2,0,"323"
1,2,1,22,1,1,29,3,3,8,0,0,3,9.66666666666667,4,1,3,2,1,0,"324"
0,3,2,29,8,2,69.55,3,11,8,0,0,9,6.32272727272727,3,1,1,3,2,0,"325"
1,1,1,36,0,0,135.6333,1,1,3,1,32,4,33.908325,2,0,2,2,2,32,"326"
0,3,2,61,0,0,6.2375,3,1,8,0,0,1,6.2375,3,0,2,3,2,0,"327"
1,2,1,36,0,0,13,3,1,4,1,0,1,13,4,0,2,2,2,0,"328"
1,3,1,31,1,1,20.525,3,3,8,0,0,3,6.84166666666667,4,1,3,2,1,0,"329"
1,1,1,16,0,1,57.9792,1,2,2,1,18,2,28.9896,2,1,3,1,2,18,"330"
1,3,1,19,2,0,23.25,2,3,8,0,0,3,7.75,2,1,3,2,2,0,"331"
0,1,2,45.5,0,0,28.5,3,1,3,1,124,1,28.5,3,0,2,3,2,124,"332"
0,1,2,38,0,1,153.4625,3,2,3,1,91,3,51.1541666666667,3,1,3,3,2,91,"333"
0,3,2,16,2,0,18,3,3,8,0,0,2,9,3,1,3,1,2,0,"334"
1,1,1,22,1,0,133.65,3,2,8,0,0,2,66.825,4,1,3,2,2,0,"335"
0,3,2,19,0,0,7.8958,3,1,8,0,0,1,7.8958,3,0,2,3,2,0,"336"
0,1,2,29,1,0,66.6,3,2,3,1,2,2,33.3,3,1,3,3,2,2,"337"
1,1,1,41,0,0,134.5,1,1,5,1,4,5,26.9,2,0,2,2,2,4,"338"
1,3,2,45,0,0,8.05,3,1,8,0,0,1,8.05,3,0,2,3,2,0,"339"
0,1,2,45,0,0,35.5,3,1,9,1,0,1,35.5,3,0,2,3,2,0,"340"
1,2,2,2,1,1,26,3,3,6,1,2,3,8.66666666666667,1,1,3,1,2,2,"341"
1,1,1,24,3,2,263,3,6,3,1,23,6,43.8333333333333,2,1,1,2,2,23,"342"
0,2,2,28,0,0,13,3,1,8,0,0,1,13,3,0,2,3,2,0,"343"
0,2,2,25,0,0,13,3,1,8,0,0,1,13,3,0,2,3,2,0,"344"
0,2,2,36,0,0,13,3,1,8,0,0,1,13,3,0,2,3,2,0,"345"
1,2,1,24,0,0,13,3,1,6,1,33,1,13,2,0,2,2,2,33,"346"
1,2,1,40,0,0,13,3,1,8,0,0,1,13,2,0,2,2,2,0,"347"
1,3,1,30,1,0,16.1,3,2,8,0,0,2,8.05,4,1,3,2,2,0,"348"
1,3,2,3,1,1,15.9,3,3,8,0,0,3,5.3,1,1,3,1,2,0,"349"
0,3,2,42,0,0,8.6625,3,1,8,0,0,1,8.6625,3,0,2,3,2,0,"350"
0,3,2,23,0,0,9.225,3,1,8,0,0,1,9.225,3,0,2,3,2,0,"351"
0,1,2,45.5,0,0,35,3,1,3,1,128,1,35,3,0,2,3,2,128,"352"
0,3,2,15,1,1,7.2292,1,3,8,0,0,1,7.2292,3,1,3,1,2,0,"353"
0,3,2,25,1,0,17.8,3,2,8,0,0,2,8.9,3,1,3,3,2,0,"354"
0,3,2,74,0,0,7.225,1,1,8,0,0,1,7.225,3,0,2,3,2,0,"355"
0,3,2,28,0,0,9.5,3,1,8,0,0,1,9.5,3,0,2,3,2,0,"356"
1,1,1,22,0,1,55,3,2,5,1,33,2,27.5,2,1,3,2,2,33,"357"
0,2,1,38,0,0,13,3,1,8,0,0,1,13,2,0,2,2,2,0,"358"
1,3,1,26,0,0,7.8792,2,1,8,0,0,1,7.8792,2,0,2,2,2,0,"359"
1,3,1,17,0,0,7.8792,2,1,8,0,0,1,7.8792,2,0,2,2,2,0,"360"
0,3,2,40,1,4,27.9,3,6,8,0,0,6,4.65,3,1,1,3,2,0,"361"
0,2,2,29,1,0,27.7208,1,2,8,0,0,2,13.8604,3,1,3,3,2,0,"362"
0,3,1,45,0,1,14.4542,1,2,8,0,0,2,7.2271,4,1,3,2,1,0,"363"
0,3,2,35,0,0,7.05,3,1,8,0,0,1,7.05,3,0,2,3,2,0,"364"
0,3,2,36,1,0,15.5,2,2,8,0,0,2,7.75,3,1,3,3,2,0,"365"
0,3,2,30,0,0,7.25,3,1,8,0,0,1,7.25,3,0,2,3,2,0,"366"
1,1,1,60,1,0,75.25,1,2,4,1,37,2,37.625,4,1,3,2,2,37,"367"
1,3,1,31,0,0,7.2292,1,1,8,0,0,1,7.2292,4,0,2,2,2,0,"368"
1,3,1,18,0,0,7.75,2,1,8,0,0,1,7.75,2,0,2,2,2,0,"369"
1,1,1,24,0,0,69.3,1,1,2,1,35,2,34.65,4,0,2,2,2,35,"370"
1,1,2,25,1,0,55.4417,1,2,5,1,5,2,27.72085,3,1,3,3,2,5,"371"
0,3,2,18,1,0,6.4958,3,2,8,0,0,1,6.4958,3,1,3,3,2,0,"372"
0,3,2,19,0,0,8.05,3,1,8,0,0,1,8.05,3,0,2,3,2,0,"373"
0,1,2,22,0,0,135.6333,1,1,8,0,0,4,33.908325,3,0,2,3,2,0,"374"
0,3,1,3,3,1,21.075,3,5,8,0,0,5,4.215,2,1,1,1,2,0,"375"
1,1,1,35,1,0,82.1708,1,2,8,0,0,2,41.0854,4,1,3,2,2,0,"376"
1,3,1,22,0,0,7.25,3,1,8,0,0,1,7.25,2,0,2,2,2,0,"377"
0,1,2,27,0,2,211.5,1,3,3,1,82,5,42.3,3,1,3,3,2,82,"378"
0,3,2,20,0,0,4.0125,1,1,8,0,0,1,4.0125,3,0,2,3,2,0,"379"
0,3,2,19,0,0,7.775,3,1,8,0,0,1,7.775,3,0,2,3,2,0,"380"
1,1,1,42,0,0,227.525,1,1,8,0,0,5,45.505,2,0,2,2,2,0,"381"
1,3,1,1,0,2,15.7417,1,3,8,0,0,3,5.24723333333333,2,1,3,1,2,0,"382"
0,3,2,32,0,0,7.925,3,1,8,0,0,1,7.925,3,0,2,3,2,0,"383"
1,1,1,35,1,0,52,3,2,8,0,0,2,26,4,1,3,2,2,0,"384"
0,3,2,40,0,0,7.8958,3,1,8,0,0,1,7.8958,3,0,2,3,2,0,"385"
0,2,2,18,0,0,73.5,3,1,8,0,0,7,10.5,3,0,2,3,2,0,"386"
0,3,2,1,5,2,46.9,3,8,8,0,0,8,5.8625,1,1,1,1,2,0,"387"
1,2,1,36,0,0,13,3,1,8,0,0,1,13,2,0,2,2,2,0,"388"
0,3,2,47,0,0,7.7292,2,1,8,0,0,1,7.7292,3,0,2,3,2,0,"389"
1,2,1,17,0,0,12,1,1,8,0,0,1,12,2,0,2,2,2,0,"390"
1,1,2,36,1,2,120,3,4,2,1,96,4,30,3,1,3,3,2,96,"391"
1,3,2,21,0,0,7.7958,3,1,8,0,0,1,7.7958,3,0,2,3,2,0,"392"
0,3,2,28,2,0,7.925,3,3,8,0,0,1,7.925,3,1,3,3,2,0,"393"
1,1,1,23,1,0,113.275,1,2,4,1,36,3,37.7583333333333,2,1,3,2,2,36,"394"
1,3,1,24,0,2,16.7,3,3,7,1,6,3,5.56666666666667,4,1,3,2,1,6,"395"
0,3,2,22,0,0,7.7958,3,1,8,0,0,1,7.7958,3,0,2,3,2,0,"396"
0,3,1,31,0,0,7.8542,3,1,8,0,0,1,7.8542,2,0,2,2,2,0,"397"
0,2,2,46,0,0,26,3,1,8,0,0,2,13,3,0,2,3,2,0,"398"
0,2,2,23,0,0,10.5,3,1,8,0,0,1,10.5,5,0,2,3,2,0,"399"
1,2,1,28,0,0,12.65,3,1,8,0,0,1,12.65,4,0,2,2,2,0,"400"
1,3,2,39,0,0,7.925,3,1,8,0,0,1,7.925,3,0,2,3,2,0,"401"
0,3,2,26,0,0,8.05,3,1,8,0,0,1,8.05,3,0,2,3,2,0,"402"
0,3,1,21,1,0,9.825,3,2,8,0,0,1,9.825,2,1,3,2,2,0,"403"
0,3,2,28,1,0,15.85,3,2,8,0,0,2,7.925,3,1,3,3,2,0,"404"
0,3,1,20,0,0,8.6625,3,1,8,0,0,1,8.6625,2,0,2,2,2,0,"405"
0,2,2,34,1,0,21,3,2,8,0,0,2,10.5,3,1,3,3,2,0,"406"
0,3,2,51,0,0,7.75,3,1,8,0,0,1,7.75,3,0,2,3,2,0,"407"
1,2,2,3,1,1,18.75,3,3,8,0,0,3,6.25,1,1,3,1,2,0,"408"
0,3,2,21,0,0,7.775,3,1,8,0,0,1,7.775,3,0,2,3,2,0,"409"
0,3,1,3,3,1,25.4667,3,5,8,0,0,5,5.09334,2,1,1,1,2,0,"410"
0,3,2,21,0,0,7.8958,3,1,8,0,0,1,7.8958,3,0,2,3,2,0,"411"
0,3,2,31,0,0,6.8583,2,1,8,0,0,1,6.8583,3,0,2,3,2,0,"412"
1,1,1,33,1,0,90,2,2,3,1,78,3,30,2,1,3,2,2,78,"413"
0,2,2,20,0,0,0,3,1,8,0,0,3,0,3,0,2,3,2,0,"414"
1,3,2,44,0,0,7.925,3,1,8,0,0,1,7.925,3,0,2,3,2,0,"415"
0,3,1,31,0,0,8.05,3,1,8,0,0,1,8.05,4,0,2,2,2,0,"416"
1,2,1,34,1,1,32.5,3,3,8,0,0,3,10.8333333333333,4,1,3,2,1,0,"417"
1,2,1,18,0,2,13,3,3,8,0,0,1,13,2,1,3,2,2,0,"418"
0,2,2,30,0,0,13,3,1,8,0,0,1,13,3,0,2,3,2,0,"419"
0,3,1,10,0,2,24.15,3,3,8,0,0,3,8.05,2,1,3,1,2,0,"420"
0,3,2,18,0,0,7.8958,1,1,8,0,0,1,7.8958,3,0,2,3,2,0,"421"
0,3,2,21,0,0,7.7333,2,1,8,0,0,1,7.7333,3,0,2,3,2,0,"422"
0,3,2,29,0,0,7.875,3,1,8,0,0,1,7.875,3,0,2,3,2,0,"423"
0,3,1,28,1,1,14.4,3,3,8,0,0,3,4.8,4,1,3,2,1,0,"424"
0,3,2,18,1,1,20.2125,3,3,8,0,0,3,6.7375,3,1,3,3,2,0,"425"
0,3,2,20,0,0,7.25,3,1,8,0,0,1,7.25,3,0,2,3,2,0,"426"
1,2,1,28,1,0,26,3,2,8,0,0,2,13,4,1,3,2,2,0,"427"
1,2,1,19,0,0,26,3,1,8,0,0,2,13,2,0,2,2,2,0,"428"
0,3,2,26,0,0,7.75,2,1,8,0,0,1,7.75,3,0,2,3,2,0,"429"
1,3,2,32,0,0,8.05,3,1,5,1,1,1,8.05,3,0,2,3,2,1,"430"
1,1,2,28,0,0,26.55,3,1,3,1,52,1,26.55,3,0,2,3,2,52,"431"
1,3,1,24,1,0,16.1,3,2,8,0,0,2,8.05,4,1,3,2,2,0,"432"
1,2,1,42,1,0,26,3,2,8,0,0,2,13,4,1,3,2,2,0,"433"
0,3,2,17,0,0,7.125,3,1,8,0,0,1,7.125,3,0,2,3,2,0,"434"
0,1,2,50,1,0,55.9,3,2,5,1,44,2,27.95,3,1,3,3,2,44,"435"
1,1,1,14,1,2,120,3,4,2,1,96,4,30,2,1,3,1,2,96,"436"
0,3,1,21,2,2,34.375,3,5,8,0,0,5,6.875,2,1,1,2,2,0,"437"
1,2,1,24,2,3,18.75,3,6,8,0,0,3,6.25,4,1,1,2,1,0,"438"
0,1,2,64,1,4,263,3,6,3,1,23,6,43.8333333333333,3,1,1,3,2,23,"439"
0,2,2,31,0,0,10.5,3,1,8,0,0,1,10.5,3,0,2,3,2,0,"440"
1,2,1,45,1,1,26.25,3,3,8,0,0,3,8.75,4,1,3,2,1,0,"441"
0,3,2,20,0,0,9.5,3,1,8,0,0,1,9.5,3,0,2,3,2,0,"442"
0,3,2,25,1,0,7.775,3,2,8,0,0,1,7.775,3,1,3,3,2,0,"443"
1,2,1,28,0,0,13,3,1,8,0,0,1,13,2,0,2,2,2,0,"444"
1,3,2,35,0,0,8.1125,3,1,8,0,0,1,8.1125,3,0,2,3,2,0,"445"
1,1,2,4,0,2,81.8583,3,3,1,1,34,3,27.2861,1,1,3,1,2,34,"446"
1,2,1,13,0,1,19.5,3,2,8,0,0,2,9.75,2,1,3,1,2,0,"447"
1,1,2,34,0,0,26.55,3,1,8,0,0,1,26.55,3,0,2,3,2,0,"448"
1,3,1,5,2,1,19.2583,1,4,8,0,0,4,4.814575,2,1,3,1,2,0,"449"
1,1,2,52,0,0,30.5,3,1,3,1,1,1,30.5,5,0,2,3,2,1,"450"
0,2,2,36,1,2,27.75,3,4,8,0,0,4,6.9375,3,1,3,3,2,0,"451"
0,3,2,28,1,0,19.9667,3,2,8,0,0,1,19.9667,3,1,3,3,2,0,"452"
0,1,2,30,0,0,27.75,1,1,3,1,111,1,27.75,3,0,2,3,2,111,"453"
1,1,2,49,1,0,89.1042,1,2,3,1,92,2,44.5521,3,1,3,3,2,92,"454"
0,3,2,55.5,0,0,8.05,3,1,8,0,0,1,8.05,3,0,2,3,2,0,"455"
1,3,2,29,0,0,7.8958,1,1,8,0,0,1,7.8958,3,0,2,3,2,0,"456"
0,1,2,65,0,0,26.55,3,1,5,1,38,1,26.55,3,0,2,3,2,38,"457"
1,1,1,47,1,0,51.8625,3,2,4,1,21,2,25.93125,4,1,3,2,2,21,"458"
1,2,1,50,0,0,10.5,3,1,8,0,0,1,10.5,2,0,2,2,2,0,"459"
0,3,2,31,0,0,7.75,2,1,8,0,0,1,7.75,3,0,2,3,2,0,"460"
1,1,2,48,0,0,26.55,3,1,5,1,12,1,26.55,3,0,2,3,2,12,"461"
0,3,2,34,0,0,8.05,3,1,8,0,0,1,8.05,3,0,2,3,2,0,"462"
0,1,2,47,0,0,38.5,3,1,5,1,63,1,38.5,3,0,2,3,2,63,"463"
0,2,2,48,0,0,13,3,1,8,0,0,1,13,3,0,2,3,2,0,"464"
0,3,2,32,0,0,8.05,3,1,8,0,0,1,8.05,3,0,2,3,2,0,"465"
0,3,2,38,0,0,7.05,3,1,8,0,0,1,7.05,3,0,2,3,2,0,"466"
0,2,2,38,0,0,0,3,1,8,0,0,3,0,3,0,2,3,2,0,"467"
0,1,2,56,0,0,26.55,3,1,8,0,0,1,26.55,3,0,2,3,2,0,"468"
0,3,2,20.5,0,0,7.725,2,1,8,0,0,1,7.725,3,0,2,3,2,0,"469"
1,3,1,0.75,2,1,19.2583,1,4,8,0,0,4,4.814575,2,1,3,1,2,0,"470"
0,3,2,41,0,0,7.25,3,1,8,0,0,1,7.25,3,0,2,3,2,0,"471"
0,3,2,38,0,0,8.6625,3,1,8,0,0,1,8.6625,3,0,2,3,2,0,"472"
1,2,1,33,1,2,27.75,3,4,8,0,0,4,6.9375,4,1,3,2,1,0,"473"
1,2,1,23,0,0,13.7917,1,1,4,1,0,1,13.7917,4,0,2,2,2,0,"474"
0,3,1,22,0,0,9.8375,3,1,8,0,0,1,9.8375,2,0,2,2,2,0,"475"
0,1,2,47,0,0,52,3,1,1,1,14,2,26,3,0,2,3,2,14,"476"
0,2,2,34,1,0,21,3,2,8,0,0,2,10.5,3,1,3,3,2,0,"477"
0,3,2,29,1,0,7.0458,3,2,8,0,0,1,7.0458,3,1,3,3,2,0,"478"
0,3,2,22,0,0,7.5208,3,1,8,0,0,1,7.5208,3,0,2,3,2,0,"479"
1,3,1,2,0,1,12.2875,3,2,8,0,0,2,6.14375,2,1,3,1,2,0,"480"
0,3,2,9,5,2,46.9,3,8,8,0,0,8,5.8625,1,1,1,1,2,0,"481"
0,2,2,22,0,0,0,3,1,8,0,0,1,0,3,0,2,3,2,0,"482"
0,3,2,50,0,0,8.05,3,1,8,0,0,1,8.05,3,0,2,3,2,0,"483"
1,3,1,63,0,0,9.5875,3,1,8,0,0,1,9.5875,4,0,2,2,2,0,"484"
1,1,2,25,1,0,91.0792,1,2,2,1,49,2,45.5396,3,1,3,3,2,49,"485"
0,3,1,8,3,1,25.4667,3,5,8,0,0,5,5.09334,2,1,1,1,2,0,"486"
1,1,1,35,1,0,90,3,2,3,1,93,2,45,4,1,3,2,2,93,"487"
0,1,2,58,0,0,29.7,1,1,2,1,37,1,29.7,3,0,2,3,2,37,"488"
0,3,2,30,0,0,8.05,3,1,8,0,0,1,8.05,3,0,2,3,2,0,"489"
1,3,2,9,1,1,15.9,3,3,8,0,0,3,5.3,1,1,3,1,2,0,"490"
0,3,2,45,1,0,19.9667,3,2,8,0,0,1,19.9667,3,1,3,3,2,0,"491"
0,3,2,21,0,0,7.25,3,1,8,0,0,1,7.25,3,0,2,3,2,0,"492"
0,1,2,55,0,0,30.5,3,1,3,1,3,1,30.5,3,0,2,3,2,3,"493"
0,1,2,71,0,0,49.5042,1,1,8,0,0,1,49.5042,3,0,2,3,2,0,"494"
0,3,2,21,0,0,8.05,3,1,8,0,0,1,8.05,3,0,2,3,2,0,"495"
0,3,2,19,0,0,14.4583,1,1,8,0,0,2,7.22915,3,0,2,3,2,0,"496"
1,1,1,54,1,0,78.2667,1,2,4,1,2,2,39.13335,2,1,3,2,2,2,"497"
0,3,2,20,0,0,15.1,3,1,8,0,0,2,7.55,3,0,2,3,2,0,"498"
0,1,1,25,1,2,151.55,3,4,3,1,22,6,25.2583333333333,4,1,3,2,1,22,"499"
0,3,2,24,0,0,7.7958,3,1,8,0,0,1,7.7958,3,0,2,3,2,0,"500"
0,3,2,17,0,0,8.6625,3,1,8,0,0,1,8.6625,3,0,2,3,2,0,"501"
0,3,1,21,0,0,7.75,2,1,8,0,0,1,7.75,2,0,2,2,2,0,"502"
0,3,1,18,0,0,7.6292,2,1,8,0,0,1,7.6292,2,0,2,2,2,0,"503"
0,3,1,37,0,0,9.5875,3,1,8,0,0,1,9.5875,2,0,2,2,2,0,"504"
1,1,1,16,0,0,86.5,3,1,2,1,79,3,28.8333333333333,2,0,2,1,2,79,"505"
0,1,2,18,1,0,108.9,1,2,3,1,65,3,36.3,3,1,3,3,2,65,"506"
1,2,1,33,0,2,26,3,3,8,0,0,3,8.66666666666667,4,1,3,2,1,0,"507"
1,1,2,48,0,0,26.55,3,1,8,0,0,1,26.55,3,0,2,3,2,0,"508"
0,3,2,28,0,0,22.525,3,1,8,0,0,3,7.50833333333333,3,0,2,3,2,0,"509"
1,3,2,26,0,0,56.4958,3,1,8,0,0,8,7.061975,3,0,2,3,2,0,"510"
1,3,2,29,0,0,7.75,2,1,8,0,0,1,7.75,3,0,2,3,2,0,"511"
0,3,2,51,0,0,8.05,3,1,8,0,0,1,8.05,3,0,2,3,2,0,"512"
1,1,2,36,0,0,26.2875,3,1,5,1,25,1,26.2875,3,0,2,3,2,25,"513"
1,1,1,54,1,0,59.4,1,2,8,0,0,2,29.7,4,1,3,2,2,0,"514"
0,3,2,24,0,0,7.4958,3,1,8,0,0,1,7.4958,3,0,2,3,2,0,"515"
0,1,2,47,0,0,34.0208,3,1,4,1,46,1,34.0208,3,0,2,3,2,46,"516"
1,2,1,34,0,0,10.5,3,1,6,1,33,1,10.5,4,0,2,2,2,33,"517"
0,3,2,39,0,0,24.15,2,1,8,0,0,3,8.05,3,0,2,3,2,0,"518"
1,2,1,36,1,0,26,3,2,8,0,0,2,13,4,1,3,2,2,0,"519"
0,3,2,32,0,0,7.8958,3,1,8,0,0,1,7.8958,3,0,2,3,2,0,"520"
1,1,1,30,0,0,93.5,3,1,2,1,73,4,23.375,2,0,2,2,2,73,"521"
0,3,2,22,0,0,7.8958,3,1,8,0,0,1,7.8958,3,0,2,3,2,0,"522"
0,3,2,22.5,0,0,7.225,1,1,8,0,0,1,7.225,3,0,2,3,2,0,"523"
1,1,1,44,0,1,57.9792,1,2,2,1,18,2,28.9896,4,1,3,2,1,18,"524"
0,3,2,17,0,0,7.2292,1,1,8,0,0,1,7.2292,3,0,2,3,2,0,"525"
0,3,2,40.5,0,0,7.75,2,1,8,0,0,1,7.75,3,0,2,3,2,0,"526"
1,2,1,50,0,0,10.5,3,1,8,0,0,1,10.5,2,0,2,2,2,0,"527"
0,1,2,28,0,0,221.7792,3,1,3,1,95,4,55.4448,3,0,2,3,2,95,"528"
0,3,2,39,0,0,7.925,3,1,8,0,0,1,7.925,3,0,2,3,2,0,"529"
0,2,2,23,2,1,11.5,3,4,8,0,0,1,11.5,3,1,3,3,2,0,"530"
1,2,1,2,1,1,26,3,3,8,0,0,3,8.66666666666667,2,1,3,1,2,0,"531"
0,3,2,27,0,0,7.2292,1,1,8,0,0,1,7.2292,3,0,2,3,2,0,"532"
0,3,2,17,1,1,7.2292,1,3,8,0,0,1,7.2292,3,1,3,3,2,0,"533"
1,3,1,36,0,2,22.3583,1,3,8,0,0,3,7.45276666666667,4,1,3,2,1,0,"534"
0,3,1,30,0,0,8.6625,3,1,8,0,0,1,8.6625,2,0,2,2,2,0,"535"
1,2,1,7,0,2,26.25,3,3,8,0,0,3,8.75,2,1,3,1,2,0,"536"
0,1,2,45,0,0,26.55,3,1,2,1,38,1,26.55,5,0,2,3,2,38,"537"
1,1,1,30,0,0,106.425,1,1,8,0,0,3,35.475,2,0,2,2,2,0,"538"
0,3,2,35,0,0,14.5,3,1,8,0,0,2,7.25,3,0,2,3,2,0,"539"
1,1,1,22,0,2,49.5,1,3,2,1,39,1,49.5,2,1,3,2,2,39,"540"
1,1,1,36,0,2,71,3,3,2,1,22,2,35.5,2,1,3,2,2,22,"541"
0,3,1,9,4,2,31.275,3,7,8,0,0,7,4.46785714285714,2,1,1,1,2,0,"542"
0,3,1,11,4,2,31.275,3,7,8,0,0,7,4.46785714285714,2,1,1,1,2,0,"543"
1,2,2,32,1,0,26,3,2,8,0,0,2,13,3,1,3,3,2,0,"544"
0,1,2,50,1,0,106.425,1,2,3,1,86,3,35.475,3,1,3,3,2,86,"545"
0,1,2,64,0,0,26,3,1,8,0,0,1,26,3,0,2,3,2,0,"546"
1,2,1,19,1,0,26,3,2,8,0,0,2,13,4,1,3,2,2,0,"547"
1,2,2,23,0,0,13.8625,1,1,8,0,0,1,13.8625,3,0,2,3,2,0,"548"
0,3,2,33,1,1,20.525,3,3,8,0,0,3,6.84166666666667,3,1,3,3,2,0,"549"
1,2,2,8,1,1,36.75,3,3,8,0,0,4,9.1875,1,1,3,1,2,0,"550"
1,1,2,17,0,2,110.8833,1,3,3,1,7,4,27.720825,3,1,3,3,2,7,"551"
0,2,2,27,0,0,26,3,1,8,0,0,2,13,3,0,2,3,2,0,"552"
0,3,2,23,0,0,7.8292,2,1,8,0,0,1,7.8292,3,0,2,3,2,0,"553"
1,3,2,22,0,0,7.225,1,1,8,0,0,1,7.225,3,0,2,3,2,0,"554"
1,3,1,22,0,0,7.775,3,1,8,0,0,1,7.775,2,0,2,2,2,0,"555"
0,1,2,62,0,0,26.55,3,1,8,0,0,1,26.55,3,0,2,3,2,0,"556"
1,1,1,48,1,0,39.6,1,2,1,1,16,1,39.6,5,1,3,2,2,16,"557"
0,1,2,22,0,0,227.525,1,1,8,0,0,5,45.505,3,0,2,3,2,0,"558"
1,1,1,39,1,1,79.65,3,3,5,1,67,3,26.55,4,1,3,2,1,67,"559"
1,3,1,36,1,0,17.4,3,2,8,0,0,2,8.7,4,1,3,2,2,0,"560"
0,3,2,32,0,0,7.75,2,1,8,0,0,1,7.75,3,0,2,3,2,0,"561"
0,3,2,40,0,0,7.8958,3,1,8,0,0,1,7.8958,3,0,2,3,2,0,"562"
0,2,2,28,0,0,13.5,3,1,8,0,0,1,13.5,3,0,2,3,2,0,"563"
0,3,2,22,0,0,8.05,3,1,8,0,0,1,8.05,3,0,2,3,2,0,"564"
0,3,1,28,0,0,8.05,3,1,8,0,0,1,8.05,2,0,2,2,2,0,"565"
0,3,2,24,2,0,24.15,3,3,8,0,0,3,8.05,3,1,3,3,2,0,"566"
0,3,2,19,0,0,7.8958,3,1,8,0,0,1,7.8958,3,0,2,3,2,0,"567"
0,3,1,29,0,4,21.075,3,5,8,0,0,5,4.215,4,1,1,2,1,0,"568"
0,3,2,24,0,0,7.2292,1,1,8,0,0,1,7.2292,3,0,2,3,2,0,"569"
1,3,2,32,0,0,7.8542,3,1,8,0,0,1,7.8542,3,0,2,3,2,0,"570"
1,2,2,62,0,0,10.5,3,1,8,0,0,1,10.5,3,0,2,3,2,0,"571"
1,1,1,53,2,0,51.4792,3,3,3,1,1,2,25.7396,4,1,3,2,2,1,"572"
1,1,2,36,0,0,26.3875,3,1,5,1,25,1,26.3875,3,0,2,3,2,25,"573"
1,3,1,20,0,0,7.75,2,1,8,0,0,1,7.75,2,0,2,2,2,0,"574"
0,3,2,16,0,0,8.05,3,1,8,0,0,1,8.05,3,0,2,1,2,0,"575"
0,3,2,19,0,0,14.5,3,1,8,0,0,2,7.25,3,0,2,3,2,0,"576"
1,2,1,34,0,0,13,3,1,8,0,0,1,13,2,0,2,2,2,0,"577"
1,1,1,39,1,0,55.9,3,2,5,1,44,2,27.95,4,1,3,2,2,44,"578"
0,3,1,14,1,0,14.4583,1,2,8,0,0,2,7.22915,4,1,3,1,2,0,"579"
1,3,2,32,0,0,7.925,3,1,8,0,0,1,7.925,3,0,2,3,2,0,"580"
1,2,1,25,1,1,30,3,3,8,0,0,2,15,2,1,3,2,2,0,"581"
1,1,1,39,1,1,110.8833,1,3,3,1,68,4,27.720825,4,1,3,2,1,68,"582"
0,2,2,54,0,0,26,3,1,8,0,0,2,13,3,0,2,3,2,0,"583"
0,1,2,36,0,0,40.125,1,1,1,1,1,1,40.125,3,0,2,3,2,1,"584"
0,3,2,18,0,0,8.7125,1,1,8,0,0,1,8.7125,3,0,2,3,2,0,"585"
1,1,1,18,0,2,79.65,3,3,5,1,68,3,26.55,2,1,3,2,2,68,"586"
0,2,2,47,0,0,15,3,1,8,0,0,1,15,3,0,2,3,2,0,"587"
1,1,2,60,1,1,79.2,1,3,2,1,41,2,39.6,3,1,3,3,2,41,"588"
0,3,2,22,0,0,8.05,3,1,8,0,0,1,8.05,3,0,2,3,2,0,"589"
0,3,2,43,0,0,8.05,3,1,8,0,0,1,8.05,3,0,2,3,2,0,"590"
0,3,2,35,0,0,7.125,3,1,8,0,0,1,7.125,3,0,2,3,2,0,"591"
1,1,1,52,1,0,78.2667,1,2,4,1,2,2,39.13335,4,1,3,2,2,2,"592"
0,3,2,47,0,0,7.25,3,1,8,0,0,1,7.25,3,0,2,3,2,0,"593"
0,3,1,17,0,2,7.75,2,3,8,0,0,1,7.75,2,1,3,2,2,0,"594"
0,2,2,37,1,0,26,3,2,8,0,0,2,13,3,1,3,3,2,0,"595"
0,3,2,36,1,1,24.15,3,3,8,0,0,3,8.05,3,1,3,3,2,0,"596"
1,2,1,45,0,0,33,3,1,8,0,0,3,11,2,0,2,2,2,0,"597"
0,3,2,49,0,0,0,3,1,8,0,0,4,0,3,0,2,3,2,0,"598"
0,3,2,35,0,0,7.225,1,1,8,0,0,1,7.225,3,0,2,3,2,0,"599"
1,1,2,49,1,0,56.9292,1,2,1,1,2,2,28.4646,5,1,3,3,2,2,"600"
1,2,1,24,2,1,27,3,4,8,0,0,2,13.5,4,1,3,2,1,0,"601"
0,3,2,23,0,0,7.8958,3,1,8,0,0,1,7.8958,3,0,2,3,2,0,"602"
0,1,2,47,0,0,42.4,3,1,8,0,0,2,21.2,3,0,2,3,2,0,"603"
0,3,2,44,0,0,8.05,3,1,8,0,0,1,8.05,3,0,2,3,2,0,"604"
1,1,2,35,0,0,26.55,1,1,8,0,0,1,26.55,3,0,2,3,2,0,"605"
0,3,2,36,1,0,15.55,3,2,8,0,0,2,7.775,3,1,3,3,2,0,"606"
0,3,2,30,0,0,7.8958,3,1,8,0,0,1,7.8958,3,0,2,3,2,0,"607"
1,1,2,27,0,0,30.5,3,1,8,0,0,1,30.5,3,0,2,3,2,0,"608"
1,2,1,22,1,2,41.5792,1,4,8,0,0,4,10.3948,4,1,3,2,1,0,"609"
1,1,1,40,0,0,153.4625,3,1,3,1,125,3,51.1541666666667,2,0,2,2,2,125,"610"
0,3,1,39,1,5,31.275,3,7,8,0,0,7,4.46785714285714,4,1,1,2,1,0,"611"
0,3,2,35,0,0,7.05,3,1,8,0,0,1,7.05,3,0,2,3,2,0,"612"
1,3,1,19,1,0,15.5,2,2,8,0,0,2,7.75,2,1,3,2,2,0,"613"
0,3,2,65,0,0,7.75,2,1,8,0,0,1,7.75,3,0,2,3,2,0,"614"
0,3,2,35,0,0,8.05,3,1,8,0,0,1,8.05,3,0,2,3,2,0,"615"
1,2,1,24,1,2,65,3,4,8,0,0,5,13,2,1,3,2,2,0,"616"
0,3,2,34,1,1,14.4,3,3,8,0,0,3,4.8,3,1,3,3,2,0,"617"
0,3,1,26,1,0,16.1,3,2,8,0,0,2,8.05,4,1,3,2,2,0,"618"
1,2,1,4,2,1,39,3,4,6,1,4,4,9.75,2,1,3,1,2,4,"619"
0,2,2,26,0,0,10.5,3,1,8,0,0,1,10.5,3,0,2,3,2,0,"620"
0,3,2,27,1,0,14.4542,1,2,8,0,0,2,7.2271,3,1,3,3,2,0,"621"
1,1,2,42,1,0,52.5542,3,2,4,1,19,2,26.2771,3,1,3,3,2,19,"622"
1,3,2,20,1,1,15.7417,1,3,8,0,0,3,5.24723333333333,3,1,3,3,2,0,"623"
0,3,2,21,0,0,7.8542,3,1,8,0,0,1,7.8542,3,0,2,3,2,0,"624"
0,3,2,21,0,0,16.1,3,1,8,0,0,2,8.05,3,0,2,3,2,0,"625"
0,1,2,61,0,0,32.3208,3,1,4,1,5,1,32.3208,3,0,2,3,2,5,"626"
0,2,2,57,0,0,12.35,2,1,8,0,0,1,12.35,5,0,2,3,2,0,"627"
1,1,1,21,0,0,77.9583,3,1,4,1,9,3,25.9861,2,0,2,2,2,9,"628"
0,3,2,26,0,0,7.8958,3,1,8,0,0,1,7.8958,3,0,2,3,2,0,"629"
0,3,2,21,0,0,7.7333,2,1,8,0,0,1,7.7333,3,0,2,3,2,0,"630"
1,1,2,80,0,0,30,3,1,1,1,23,1,30,3,0,2,3,2,23,"631"
0,3,2,51,0,0,7.0542,3,1,8,0,0,1,7.0542,3,0,2,3,2,0,"632"
1,1,2,32,0,0,30.5,1,1,2,1,5,1,30.5,5,0,2,3,2,5,"633"
0,1,2,61,0,0,0,3,1,8,0,0,1,0,3,0,2,3,2,0,"634"
0,3,1,9,3,2,27.9,3,6,8,0,0,6,4.65,2,1,1,1,2,0,"635"
1,2,1,28,0,0,13,3,1,8,0,0,1,13,2,0,2,2,2,0,"636"
0,3,2,32,0,0,7.925,3,1,8,0,0,1,7.925,3,0,2,3,2,0,"637"
0,2,2,31,1,1,26.25,3,3,8,0,0,3,8.75,3,1,3,3,2,0,"638"
0,3,1,41,0,5,39.6875,3,6,8,0,0,7,5.66964285714286,4,1,1,2,1,0,"639"
0,3,2,41,1,0,16.1,3,2,8,0,0,2,8.05,3,1,3,3,2,0,"640"
0,3,2,20,0,0,7.8542,3,1,8,0,0,1,7.8542,3,0,2,3,2,0,"641"
1,1,1,24,0,0,69.3,1,1,2,1,35,2,34.65,2,0,2,2,2,35,"642"
0,3,1,2,3,2,27.9,3,6,8,0,0,6,4.65,2,1,1,1,2,0,"643"
1,3,2,32,0,0,56.4958,3,1,8,0,0,8,7.061975,3,0,2,3,2,0,"644"
1,3,1,0.75,2,1,19.2583,1,4,8,0,0,4,4.814575,2,1,3,1,2,0,"645"
1,1,2,48,1,0,76.7292,1,2,4,1,33,3,25.5764,3,1,3,3,2,33,"646"
0,3,2,19,0,0,7.8958,3,1,8,0,0,1,7.8958,3,0,2,3,2,0,"647"
1,1,2,56,0,0,35.5,1,1,1,1,26,1,35.5,5,0,2,3,2,26,"648"
0,3,2,43,0,0,7.55,3,1,8,0,0,1,7.55,3,0,2,3,2,0,"649"
1,3,1,23,0,0,7.55,3,1,8,0,0,1,7.55,2,0,2,2,2,0,"650"
0,3,2,32,0,0,7.8958,3,1,8,0,0,1,7.8958,3,0,2,3,2,0,"651"
1,2,1,18,0,1,23,3,2,8,0,0,2,11.5,2,1,3,2,2,0,"652"
0,3,2,21,0,0,8.4333,3,1,8,0,0,1,8.4333,3,0,2,3,2,0,"653"
1,3,1,31,0,0,7.8292,2,1,8,0,0,1,7.8292,2,0,2,2,2,0,"654"
0,3,1,18,0,0,6.75,2,1,8,0,0,1,6.75,2,0,2,2,2,0,"655"
0,2,2,24,2,0,73.5,3,3,8,0,0,7,10.5,3,1,3,3,2,0,"656"
0,3,2,22,0,0,7.8958,3,1,8,0,0,1,7.8958,3,0,2,3,2,0,"657"
0,3,1,32,1,1,15.5,2,3,8,0,0,2,7.75,4,1,3,2,1,0,"658"
0,2,2,23,0,0,13,3,1,8,0,0,1,13,3,0,2,3,2,0,"659"
0,1,2,58,0,2,113.275,1,3,4,1,48,3,37.7583333333333,3,1,3,3,2,48,"660"
1,1,2,50,2,0,133.65,3,3,8,0,0,2,66.825,5,1,3,3,2,0,"661"
0,3,2,40,0,0,7.225,1,1,8,0,0,1,7.225,3,0,2,3,2,0,"662"
0,1,2,47,0,0,25.5875,3,1,5,1,58,1,25.5875,3,0,2,3,2,58,"663"
0,3,2,36,0,0,7.4958,3,1,8,0,0,1,7.4958,3,0,2,3,2,0,"664"
1,3,2,20,1,0,7.925,3,2,8,0,0,1,7.925,3,1,3,3,2,0,"665"
0,2,2,32,2,0,73.5,3,3,8,0,0,7,10.5,3,1,3,3,2,0,"666"
0,2,2,25,0,0,13,3,1,8,0,0,1,13,3,0,2,3,2,0,"667"
0,3,2,38,0,0,7.775,3,1,8,0,0,1,7.775,3,0,2,3,2,0,"668"
0,3,2,43,0,0,8.05,3,1,8,0,0,1,8.05,3,0,2,3,2,0,"669"
1,1,1,61,1,0,52,3,2,3,1,126,2,26,4,1,3,2,2,126,"670"
1,2,1,40,1,1,39,3,3,8,0,0,3,13,4,1,3,2,1,0,"671"
0,1,2,31,1,0,52,3,2,2,1,71,2,26,3,1,3,3,2,71,"672"
0,2,2,70,0,0,10.5,3,1,8,0,0,1,10.5,3,0,2,3,2,0,"673"
1,2,2,31,0,0,13,3,1,8,0,0,1,13,3,0,2,3,2,0,"674"
0,2,2,25,0,0,0,3,1,8,0,0,1,0,3,0,2,3,2,0,"675"
0,3,2,18,0,0,7.775,3,1,8,0,0,1,7.775,3,0,2,3,2,0,"676"
0,3,2,24.5,0,0,8.05,3,1,8,0,0,1,8.05,3,0,2,3,2,0,"677"
1,3,1,18,0,0,9.8417,3,1,8,0,0,1,9.8417,2,0,2,2,2,0,"678"
0,3,1,43,1,6,46.9,3,8,8,0,0,8,5.8625,4,1,1,2,1,0,"679"
1,1,2,36,0,1,512.3292,1,2,2,1,51,4,128.0823,3,1,3,3,2,51,"680"
0,3,1,17,0,0,8.1375,2,1,8,0,0,1,8.1375,2,0,2,2,2,0,"681"
1,1,2,27,0,0,76.7292,1,1,4,1,49,3,25.5764,3,0,2,3,2,49,"682"
0,3,2,20,0,0,9.225,3,1,8,0,0,1,9.225,3,0,2,3,2,0,"683"
0,3,2,14,5,2,46.9,3,8,8,0,0,8,5.8625,3,1,1,1,2,0,"684"
0,2,2,60,1,1,39,3,3,8,0,0,3,13,3,1,3,3,2,0,"685"
0,2,2,25,1,2,41.5792,1,4,8,0,0,4,10.3948,3,1,3,3,2,0,"686"
0,3,2,14,4,1,39.6875,3,6,8,0,0,7,5.66964285714286,3,1,1,1,2,0,"687"
0,3,2,19,0,0,10.1708,3,1,8,0,0,1,10.1708,3,0,2,3,2,0,"688"
0,3,2,18,0,0,7.7958,3,1,8,0,0,1,7.7958,3,0,2,3,2,0,"689"
1,1,1,15,0,1,211.3375,3,2,2,1,5,4,52.834375,2,1,3,1,2,5,"690"
1,1,2,31,1,0,57,3,2,2,1,2,2,28.5,3,1,3,3,2,2,"691"
1,3,1,4,0,1,13.4167,1,2,8,0,0,2,6.70835,2,1,3,1,2,0,"692"
1,3,2,18,0,0,56.4958,3,1,8,0,0,8,7.061975,3,0,2,3,2,0,"693"
0,3,2,25,0,0,7.225,1,1,8,0,0,1,7.225,3,0,2,3,2,0,"694"
0,1,2,60,0,0,26.55,3,1,8,0,0,1,26.55,5,0,2,3,2,0,"695"
0,2,2,52,0,0,13.5,3,1,8,0,0,1,13.5,3,0,2,3,2,0,"696"
0,3,2,44,0,0,8.05,3,1,8,0,0,1,8.05,3,0,2,3,2,0,"697"
1,3,1,15,0,0,7.7333,2,1,8,0,0,1,7.7333,2,0,2,1,2,0,"698"
0,1,2,49,1,1,110.8833,1,3,3,1,68,4,27.720825,3,1,3,3,2,68,"699"
0,3,2,42,0,0,7.65,3,1,6,1,63,1,7.65,3,0,2,3,2,63,"700"
1,1,1,18,1,0,227.525,1,2,3,1,62,5,45.505,4,1,3,2,2,62,"701"
1,1,2,35,0,0,26.2875,3,1,5,1,24,1,26.2875,3,0,2,3,2,24,"702"
0,3,1,18,0,1,14.4542,1,2,8,0,0,2,7.2271,2,1,3,2,2,0,"703"
0,3,2,25,0,0,7.7417,2,1,8,0,0,1,7.7417,3,0,2,3,2,0,"704"
0,3,2,26,1,0,7.8542,3,2,8,0,0,1,7.8542,3,1,3,3,2,0,"705"
0,2,2,39,0,0,26,3,1,8,0,0,2,13,3,0,2,3,2,0,"706"
1,2,1,45,0,0,13.5,3,1,8,0,0,1,13.5,4,0,2,2,2,0,"707"
1,1,2,42,0,0,26.2875,3,1,5,1,24,1,26.2875,3,0,2,3,2,24,"708"
1,1,1,22,0,0,151.55,3,1,8,0,0,6,25.2583333333333,2,0,2,2,2,0,"709"
1,3,2,6,1,1,15.2458,1,3,8,0,0,3,5.08193333333333,1,1,3,1,2,0,"710"
1,1,1,24,0,0,49.5042,1,1,3,1,9,1,49.5042,2,0,2,2,2,9,"711"
0,1,2,31,0,0,26.55,3,1,3,1,124,1,26.55,3,0,2,3,2,124,"712"
1,1,2,48,1,0,52,3,2,3,1,126,2,26,3,1,3,3,2,126,"713"
0,3,2,29,0,0,9.4833,3,1,8,0,0,1,9.4833,3,0,2,3,2,0,"714"
0,2,2,52,0,0,13,3,1,8,0,0,2,6.5,3,0,2,3,2,0,"715"
0,3,2,19,0,0,7.65,3,1,6,1,73,1,7.65,3,0,2,3,2,73,"716"
1,1,1,38,0,0,227.525,1,1,3,1,45,5,45.505,2,0,2,2,2,45,"717"
1,2,1,27,0,0,10.5,3,1,5,1,1,1,10.5,2,0,2,2,2,1,"718"
0,3,2,19,0,0,15.5,2,1,8,0,0,2,7.75,3,0,2,3,2,0,"719"
0,3,2,33,0,0,7.775,3,1,8,0,0,1,7.775,3,0,2,3,2,0,"720"
1,2,1,6,0,1,33,3,2,8,0,0,3,11,2,1,3,1,2,0,"721"
0,3,2,17,1,0,7.0542,3,2,8,0,0,1,7.0542,3,1,3,3,2,0,"722"
0,2,2,34,0,0,13,3,1,8,0,0,1,13,3,0,2,3,2,0,"723"
0,2,2,50,0,0,13,3,1,8,0,0,1,13,3,0,2,3,2,0,"724"
1,1,2,27,1,0,53.1,3,2,5,1,8,2,26.55,3,1,3,3,2,8,"725"
0,3,2,20,0,0,8.6625,3,1,8,0,0,1,8.6625,3,0,2,3,2,0,"726"
1,2,1,30,3,0,21,3,4,8,0,0,2,10.5,4,1,3,2,2,0,"727"
1,3,1,23,0,0,7.7375,2,1,8,0,0,1,7.7375,2,0,2,2,2,0,"728"
0,2,2,25,1,0,26,3,2,8,0,0,2,13,3,1,3,3,2,0,"729"
0,3,1,25,1,0,7.925,3,2,8,0,0,1,7.925,2,1,3,2,2,0,"730"
1,1,1,29,0,0,211.3375,3,1,2,1,5,4,52.834375,2,0,2,2,2,5,"731"
0,3,2,11,0,0,18.7875,1,1,8,0,0,2,9.39375,3,0,2,1,2,0,"732"
0,2,2,25,0,0,0,3,1,8,0,0,1,0,3,0,2,3,2,0,"733"
0,2,2,23,0,0,13,3,1,8,0,0,1,13,3,0,2,3,2,0,"734"
0,2,2,23,0,0,13,3,1,8,0,0,1,13,3,0,2,3,2,0,"735"
0,3,2,28.5,0,0,16.1,3,1,8,0,0,2,8.05,3,0,2,3,2,0,"736"
0,3,1,48,1,3,34.375,3,5,8,0,0,5,6.875,4,1,1,2,1,0,"737"
1,1,2,35,0,0,512.3292,1,1,2,1,1,4,128.0823,3,0,2,3,2,1,"738"
0,3,2,45,0,0,7.8958,3,1,8,0,0,1,7.8958,3,0,2,3,2,0,"739"
0,3,2,28,0,0,7.8958,3,1,8,0,0,1,7.8958,3,0,2,3,2,0,"740"
1,1,2,42,0,0,30,3,1,4,1,45,1,30,3,0,2,3,2,45,"741"
0,1,2,36,1,0,78.85,3,2,3,1,46,3,26.2833333333333,3,1,3,3,2,46,"742"
1,1,1,21,2,2,262.375,1,5,2,1,57,7,37.4821428571429,2,1,1,2,2,57,"743"
0,3,2,24,1,0,16.1,3,2,8,0,0,2,8.05,3,1,3,3,2,0,"744"
1,3,2,31,0,0,7.925,3,1,8,0,0,1,7.925,3,0,2,3,2,0,"745"
0,1,2,70,1,1,71,3,3,2,1,22,2,35.5,5,1,3,3,2,22,"746"
0,3,2,16,1,1,20.25,3,3,8,0,0,3,6.75,3,1,3,1,2,0,"747"
1,2,1,30,0,0,13,3,1,8,0,0,1,13,2,0,2,2,2,0,"748"
0,1,2,19,1,0,53.1,3,2,4,1,3,2,26.55,3,1,3,3,2,3,"749"
0,3,2,31,0,0,7.75,2,1,8,0,0,1,7.75,3,0,2,3,2,0,"750"
1,2,1,4,1,1,23,3,3,8,0,0,3,7.66666666666667,2,1,3,1,2,0,"751"
1,3,2,6,0,1,12.475,3,2,5,1,121,2,6.2375,1,1,3,1,2,121,"752"
0,3,2,33,0,0,9.5,3,1,8,0,0,1,9.5,3,0,2,3,2,0,"753"
0,3,2,23,0,0,7.8958,3,1,8,0,0,1,7.8958,3,0,2,3,2,0,"754"
1,2,1,48,1,2,65,3,4,8,0,0,5,13,4,1,3,2,1,0,"755"
1,2,2,0.67,1,1,14.5,3,3,8,0,0,2,7.25,1,1,3,1,2,0,"756"
0,3,2,28,0,0,7.7958,3,1,8,0,0,1,7.7958,3,0,2,3,2,0,"757"
0,2,2,18,0,0,11.5,3,1,8,0,0,1,11.5,3,0,2,3,2,0,"758"
0,3,2,34,0,0,8.05,3,1,8,0,0,1,8.05,3,0,2,3,2,0,"759"
1,1,1,33,0,0,86.5,3,1,2,1,77,3,28.8333333333333,5,0,2,2,2,77,"760"
0,3,2,26,0,0,14.5,3,1,8,0,0,2,7.25,3,0,2,3,2,0,"761"
0,3,2,41,0,0,7.125,3,1,8,0,0,1,7.125,3,0,2,3,2,0,"762"
1,3,2,20,0,0,7.2292,1,1,8,0,0,1,7.2292,3,0,2,3,2,0,"763"
1,1,1,36,1,2,120,3,4,2,1,96,4,30,4,1,3,2,1,96,"764"
0,3,2,16,0,0,7.775,3,1,8,0,0,1,7.775,3,0,2,1,2,0,"765"
1,1,1,51,1,0,77.9583,3,2,4,1,11,3,25.9861,4,1,3,2,2,11,"766"
0,1,2,53,0,0,39.6,1,1,8,0,0,1,39.6,5,0,2,3,2,0,"767"
0,3,1,30.5,0,0,7.75,2,1,8,0,0,1,7.75,2,0,2,2,2,0,"768"
0,3,2,40,1,0,24.15,2,2,8,0,0,3,8.05,3,1,3,3,2,0,"769"
0,3,2,32,0,0,8.3625,3,1,8,0,0,1,8.3625,3,0,2,3,2,0,"770"
0,3,2,24,0,0,9.5,3,1,8,0,0,1,9.5,3,0,2,3,2,0,"771"
0,3,2,48,0,0,7.8542,3,1,8,0,0,1,7.8542,3,0,2,3,2,0,"772"
0,2,1,57,0,0,10.5,3,1,5,1,77,2,5.25,4,0,2,2,2,77,"773"
0,3,2,17,0,0,7.225,1,1,8,0,0,1,7.225,3,0,2,3,2,0,"774"
1,2,1,54,1,3,23,3,5,8,0,0,2,11.5,4,1,1,2,1,0,"775"
0,3,2,18,0,0,7.75,3,1,8,0,0,1,7.75,3,0,2,3,2,0,"776"
0,3,2,25,0,0,7.75,2,1,6,1,38,1,7.75,3,0,2,3,2,38,"777"
1,3,1,5,0,0,12.475,3,1,8,0,0,2,6.2375,2,0,2,1,2,0,"778"
0,3,2,25,0,0,7.7375,2,1,8,0,0,1,7.7375,3,0,2,3,2,0,"779"
1,1,1,43,0,1,211.3375,3,2,2,1,3,4,52.834375,4,1,3,2,1,3,"780"
1,3,1,13,0,0,7.2292,1,1,8,0,0,1,7.2292,2,0,2,1,2,0,"781"
1,1,1,17,1,0,57,3,2,2,1,2,2,28.5,4,1,3,2,2,2,"782"
0,1,2,29,0,0,30,3,1,4,1,6,1,30,3,0,2,3,2,6,"783"
0,3,2,26,1,2,23.45,3,4,8,0,0,4,5.8625,3,1,3,3,2,0,"784"
0,3,2,25,0,0,7.05,3,1,8,0,0,1,7.05,3,0,2,3,2,0,"785"
0,3,2,25,0,0,7.25,3,1,8,0,0,1,7.25,3,0,2,3,2,0,"786"
1,3,1,18,0,0,7.4958,3,1,8,0,0,1,7.4958,2,0,2,2,2,0,"787"
0,3,2,8,4,1,29.125,2,6,8,0,0,6,4.85416666666667,1,1,1,1,2,0,"788"
1,3,2,1,1,2,20.575,3,4,8,0,0,4,5.14375,1,1,3,1,2,0,"789"
0,1,2,46,0,0,79.2,1,1,2,1,82,2,39.6,3,0,2,3,2,82,"790"
0,3,2,21,0,0,7.75,2,1,8,0,0,1,7.75,3,0,2,3,2,0,"791"
0,2,2,16,0,0,26,3,1,8,0,0,2,13,3,0,2,1,2,0,"792"
0,3,1,16,8,2,69.55,3,11,8,0,0,9,6.32272727272727,2,1,1,1,2,0,"793"
0,1,2,61,0,0,30.6958,1,1,8,0,0,1,30.6958,3,0,2,3,2,0,"794"
0,3,2,25,0,0,7.8958,3,1,8,0,0,1,7.8958,3,0,2,3,2,0,"795"
0,2,2,39,0,0,13,3,1,8,0,0,1,13,3,0,2,3,2,0,"796"
1,1,1,49,0,0,25.9292,3,1,4,1,17,1,25.9292,5,0,2,2,2,17,"797"
1,3,1,31,0,0,8.6833,3,1,8,0,0,1,8.6833,4,0,2,2,2,0,"798"
0,3,2,30,0,0,7.2292,1,1,8,0,0,1,7.2292,3,0,2,3,2,0,"799"
0,3,1,30,1,1,24.15,3,3,8,0,0,3,8.05,4,1,3,2,1,0,"800"
0,2,2,34,0,0,13,3,1,8,0,0,2,6.5,3,0,2,3,2,0,"801"
1,2,1,31,1,1,26.25,3,3,8,0,0,3,8.75,4,1,3,2,1,0,"802"
1,1,2,11,1,2,120,3,4,2,1,96,4,30,1,1,3,1,2,96,"803"
1,3,2,0.42,0,1,8.5167,1,2,8,0,0,2,4.25835,1,1,3,1,2,0,"804"
1,3,2,27,0,0,6.975,3,1,8,0,0,1,6.975,3,0,2,3,2,0,"805"
0,3,2,31,0,0,7.775,3,1,8,0,0,1,7.775,3,0,2,3,2,0,"806"
0,1,2,39,0,0,0,3,1,1,1,36,1,0,3,0,2,3,2,36,"807"
0,3,1,18,0,0,7.775,3,1,8,0,0,1,7.775,2,0,2,2,2,0,"808"
0,2,2,39,0,0,13,3,1,8,0,0,1,13,3,0,2,3,2,0,"809"
1,1,1,33,1,0,53.1,3,2,5,1,8,2,26.55,4,1,3,2,2,8,"810"
0,3,2,26,0,0,7.8875,3,1,8,0,0,1,7.8875,3,0,2,3,2,0,"811"
0,3,2,39,0,0,24.15,3,1,8,0,0,3,8.05,3,0,2,3,2,0,"812"
0,2,2,35,0,0,10.5,3,1,8,0,0,1,10.5,3,0,2,3,2,0,"813"
0,3,1,6,4,2,31.275,3,7,8,0,0,7,4.46785714285714,2,1,1,1,2,0,"814"
0,3,2,30.5,0,0,8.05,3,1,8,0,0,1,8.05,3,0,2,3,2,0,"815"
0,1,2,80,0,0,0,3,1,2,1,1,2,0,3,0,2,3,2,1,"816"
0,3,1,23,0,0,7.925,3,1,8,0,0,1,7.925,2,0,2,2,2,0,"817"
0,2,2,31,1,1,37.0042,1,3,8,0,0,3,12.3347333333333,3,1,3,3,2,0,"818"
0,3,2,43,0,0,6.45,3,1,8,0,0,1,6.45,3,0,2,3,2,0,"819"
0,3,2,10,3,2,27.9,3,6,8,0,0,6,4.65,1,1,1,1,2,0,"820"
1,1,1,52,1,1,93.5,3,3,2,1,69,4,23.375,4,1,3,2,1,69,"821"
1,3,2,27,0,0,8.6625,3,1,8,0,0,1,8.6625,3,0,2,3,2,0,"822"
0,1,2,38,0,0,0,3,1,8,0,0,1,0,5,0,2,3,2,0,"823"
1,3,1,27,0,1,12.475,3,2,5,1,121,2,6.2375,4,1,3,2,1,121,"824"
0,3,2,2,4,1,39.6875,3,6,8,0,0,7,5.66964285714286,1,1,1,1,2,0,"825"
0,3,2,27,0,0,6.95,2,1,8,0,0,1,6.95,3,0,2,3,2,0,"826"
0,3,2,28,0,0,56.4958,3,1,8,0,0,8,7.061975,3,0,2,3,2,0,"827"
1,2,2,1,0,2,37.0042,1,3,8,0,0,3,12.3347333333333,1,1,3,1,2,0,"828"
1,3,2,70.5,0,0,7.75,2,1,8,0,0,1,7.75,3,0,2,3,2,0,"829"
1,1,1,62,0,0,80,1,1,2,1,28,2,40,4,0,2,2,2,28,"830"
1,3,1,15,1,0,14.4542,1,2,8,0,0,2,7.2271,4,1,3,1,2,0,"831"
1,2,2,0.83,1,1,18.75,3,3,8,0,0,3,6.25,1,1,3,1,2,0,"832"
0,3,2,20,0,0,7.2292,1,1,8,0,0,1,7.2292,3,0,2,3,2,0,"833"
0,3,2,23,0,0,7.8542,3,1,8,0,0,1,7.8542,3,0,2,3,2,0,"834"
0,3,2,18,0,0,8.3,3,1,8,0,0,1,8.3,3,0,2,3,2,0,"835"
1,1,1,39,1,1,83.1583,1,3,5,1,49,3,27.7194333333333,2,1,3,2,2,49,"836"
0,3,2,21,0,0,8.6625,3,1,8,0,0,1,8.6625,3,0,2,3,2,0,"837"
0,3,2,32,0,0,8.05,3,1,8,0,0,1,8.05,3,0,2,3,2,0,"838"
1,3,2,32,0,0,56.4958,3,1,8,0,0,8,7.061975,3,0,2,3,2,0,"839"
1,1,2,26,0,0,29.7,1,1,3,1,47,1,29.7,3,0,2,3,2,47,"840"
0,3,2,20,0,0,7.925,3,1,8,0,0,1,7.925,3,0,2,3,2,0,"841"
0,2,2,16,0,0,10.5,3,1,8,0,0,2,5.25,3,0,2,1,2,0,"842"
1,1,1,30,0,0,31,1,1,8,0,0,2,15.5,2,0,2,2,2,0,"843"
0,3,2,34.5,0,0,6.4375,1,1,8,0,0,1,6.4375,3,0,2,3,2,0,"844"
0,3,2,17,0,0,8.6625,3,1,8,0,0,1,8.6625,3,0,2,3,2,0,"845"
0,3,2,42,0,0,7.55,3,1,8,0,0,1,7.55,3,0,2,3,2,0,"846"
0,3,2,14.5,8,2,69.55,3,11,8,0,0,9,6.32272727272727,3,1,1,1,2,0,"847"
0,3,2,35,0,0,7.8958,1,1,8,0,0,1,7.8958,3,0,2,3,2,0,"848"
0,2,2,28,0,1,33,3,2,8,0,0,3,11,5,1,3,3,2,0,"849"
1,1,1,35,1,0,89.1042,1,2,3,1,92,2,44.5521,4,1,3,2,2,92,"850"
0,3,2,4,4,2,31.275,3,7,8,0,0,7,4.46785714285714,1,1,1,1,2,0,"851"
0,3,2,74,0,0,7.775,3,1,8,0,0,1,7.775,3,0,2,3,2,0,"852"
0,3,1,9,1,1,15.2458,1,3,8,0,0,3,5.08193333333333,2,1,3,1,2,0,"853"
1,1,1,16,0,1,39.4,3,2,4,1,28,2,19.7,2,1,3,1,2,28,"854"
0,2,1,44,1,0,26,3,2,8,0,0,2,13,4,1,3,2,2,0,"855"
1,3,1,18,0,1,9.35,3,2,8,0,0,2,4.675,4,1,3,2,2,0,"856"
1,1,1,45,1,1,164.8667,3,3,8,0,0,4,41.216675,4,1,3,2,1,0,"857"
1,1,2,51,0,0,26.55,3,1,5,1,17,1,26.55,3,0,2,3,2,17,"858"
1,3,1,24,0,3,19.2583,1,4,8,0,0,4,4.814575,4,1,3,2,1,0,"859"
0,3,2,47,0,0,7.2292,1,1,8,0,0,1,7.2292,3,0,2,3,2,0,"860"
0,3,2,41,2,0,14.1083,3,3,8,0,0,2,7.05415,3,1,3,3,2,0,"861"
0,2,2,21,1,0,11.5,3,2,8,0,0,1,11.5,3,1,3,3,2,0,"862"
1,1,1,48,0,0,25.9292,3,1,4,1,17,1,25.9292,4,0,2,2,2,17,"863"
0,3,1,10,8,2,69.55,3,11,8,0,0,9,6.32272727272727,2,1,1,1,2,0,"864"
0,2,2,24,0,0,13,3,1,8,0,0,1,13,3,0,2,3,2,0,"865"
1,2,1,42,0,0,13,3,1,8,0,0,1,13,4,0,2,2,2,0,"866"
1,2,1,27,1,0,13.8583,1,2,8,0,0,1,13.8583,2,1,3,2,2,0,"867"
0,1,2,31,0,0,50.4958,3,1,1,1,24,1,50.4958,3,0,2,3,2,24,"868"
0,3,2,29,0,0,9.5,3,1,8,0,0,1,9.5,3,0,2,3,2,0,"869"
1,3,2,4,1,1,11.1333,3,3,8,0,0,3,3.7111,1,1,3,1,2,0,"870"
0,3,2,26,0,0,7.8958,3,1,8,0,0,1,7.8958,3,0,2,3,2,0,"871"
1,1,1,47,1,1,52.5542,3,3,4,1,35,2,26.2771,4,1,3,2,1,35,"872"
0,1,2,33,0,0,5,3,1,2,1,51,1,5,3,0,2,3,2,51,"873"
0,3,2,47,0,0,9,3,1,8,0,0,1,9,3,0,2,3,2,0,"874"
1,2,1,28,1,0,24,1,2,8,0,0,2,12,4,1,3,2,2,0,"875"
1,3,1,15,0,0,7.225,1,1,8,0,0,1,7.225,2,0,2,1,2,0,"876"
0,3,2,20,0,0,9.8458,3,1,8,0,0,2,4.9229,3,0,2,3,2,0,"877"
0,3,2,19,0,0,7.8958,3,1,8,0,0,1,7.8958,3,0,2,3,2,0,"878"
0,3,2,21,0,0,7.8958,3,1,8,0,0,1,7.8958,3,0,2,3,2,0,"879"
1,1,1,56,0,1,83.1583,1,2,3,1,5,3,27.7194333333333,4,1,3,2,1,5,"880"
1,2,1,25,0,1,26,3,2,8,0,0,2,13,4,1,3,2,1,0,"881"
0,3,2,33,0,0,7.8958,3,1,8,0,0,1,7.8958,3,0,2,3,2,0,"882"
0,3,1,22,0,0,10.5167,3,1,8,0,0,1,10.5167,2,0,2,2,2,0,"883"
0,2,2,28,0,0,10.5,3,1,8,0,0,1,10.5,3,0,2,3,2,0,"884"
0,3,2,25,0,0,7.05,3,1,8,0,0,1,7.05,3,0,2,3,2,0,"885"
0,3,1,39,0,5,29.125,2,6,8,0,0,6,4.85416666666667,4,1,1,2,1,0,"886"
0,2,2,27,0,0,13,3,1,8,0,0,1,13,5,0,2,3,2,0,"887"
1,1,1,19,0,0,30,3,1,2,1,42,1,30,2,0,2,2,2,42,"888"
0,3,1,0.92,1,2,23.45,3,4,8,0,0,4,5.8625,2,1,3,1,2,0,"889"
1,1,2,26,0,0,30,1,1,3,1,148,1,30,3,0,2,3,2,148,"890"
0,3,2,32,0,0,7.75,2,1,8,0,0,1,7.75,3,0,2,3,2,0,"891"
